problem	name	updated_fullname	taxonomy_source	rank_matched	matched	score	ott_id	ncbi_id	name_source	matched_id_in_source	updated_genus	updated_genus_ott_id	updated_genus_ncbi_id	updated_species	updated_species_ott_id	updated_species_ncbi_id	ott_accepted_name	ott_version	higher_source	domain	kingdom	phylum	subphylum	class	subclass	infraclass	superorder	order	suborder	infraorder	parvorder	superfamily	family	subfamily	tribe	subtribe	ID	subgenus	section
	Anobium punctatum	Anobium punctatum	OTT	species	Anobium punctatum	100	224216	877859	OTT	224216	Anobium	224210	877857	punctatum	224216	877859	Anobium punctatum	ott3.1draft2	OTT	Eukaryota	Metazoa	Arthropoda	Hexapoda	Insecta	Pterygota	Neoptera		Coleoptera	Polyphaga	Bostrichiformia		Bostrichoidea	Anobiidae	Anobiinae			1		
	Acanthoscelides obtectus	Acanthoscelides obtectus	OTT	species	Acanthoscelides obtectus	100	972187	200917	OTT	972187	Acanthoscelides	972186	200916	obtectus	972187	200917	Acanthoscelides obtectus	ott3.1draft2	OTT	Eukaryota	Metazoa	Arthropoda	Hexapoda	Insecta	Pterygota	Neoptera		Coleoptera	Polyphaga	Cucujiformia		Chrysomeloidea	Chrysomelidae	Bruchinae	Bruchini		2		
	Capnodis tenebrionis	Capnodis tenebrionis	OTT	species	Capnodis tenebrionis	100	7172334	1366398	OTT	7172334	Capnodis	3416040	1366397	tenebrionis	7172334	1366398	Capnodis tenebrionis	ott3.1draft2	OTT	Eukaryota	Metazoa	Arthropoda	Hexapoda	Insecta	Pterygota	Neoptera		Coleoptera	Polyphaga	Elateriformia		Buprestoidea	Buprestidae	Chrysochroinae			3		
	Coraebus rubi	Coraebus rubi	OTT	species	Coraebus rubi	100	484270	1166677	OTT	484270	Coraebus	42475	341964	rubi	484270	1166677	Coraebus rubi	ott3.1draft2	OTT	Eukaryota	Metazoa	Arthropoda	Hexapoda	Insecta	Pterygota	Neoptera		Coleoptera	Polyphaga	Elateriformia		Buprestoidea	Buprestidae	Agrilinae			4		
	Byturus tomentosus	Byturus tomentosus	OTT	species	Byturus tomentosus	100	796619	153020	OTT	796619	Byturus	323125	153016	tomentosus	796619	153020	Byturus tomentosus	ott3.1draft2	OTT	Eukaryota	Metazoa	Arthropoda	Hexapoda	Insecta	Pterygota	Neoptera		Coleoptera	Polyphaga	Cucujiformia		Cleroidea	Byturidae				5		
	Calosoma sycophanta	Calosoma sycophanta	OTT	species	Calosoma sycophanta	100	261228	287701	OTT	261228	Calosoma	407045	49408	sycophanta	261228	287701	Calosoma sycophanta	ott3.1draft2	OTT	Eukaryota	Metazoa	Arthropoda	Hexapoda	Insecta	Pterygota	Neoptera		Coleoptera	Adephaga			Caraboidea	Carabidae	Carabinae	Carabini	Calosomina	6		
	Lebia grandis	Lebia grandis	OTT	species	Lebia grandis	100	540408	270616	OTT	540408	Lebia	417463	170283	grandis	540408	270616	Lebia grandis	ott3.1draft2	OTT	Eukaryota	Metazoa	Arthropoda	Hexapoda	Insecta	Pterygota	Neoptera		Coleoptera	Adephaga			Caraboidea	Carabidae	Lebiinae	Lebiini		7		
	Oberia erythrocephala	Oberea erythrocephala	OTT	species	Oberea erythrocephala	95	3361914		OTT	3361914	Oberea	192246	186083	erythrocephala	3361914		Oberea erythrocephala	ott3.1draft2	OTT	Eukaryota	Metazoa	Arthropoda	Hexapoda	Insecta	Pterygota	Neoptera		Coleoptera	Polyphaga	Cucujiformia		Chrysomeloidea	Cerambycidae	Lamiinae	Obreini		8		
	Ambrostoma quadriimpressum	Ambrostoma quadriimpressum	OTT	species	Ambrostoma quadriimpressum	100	4601439	111370	OTT	4601439	Ambrostoma	4601438	111369	quadriimpressum	4601439	111370	Ambrostoma quadriimpressum	ott3.1draft2	OTT	Eukaryota	Metazoa	Arthropoda	Hexapoda	Insecta	Pterygota	Neoptera		Coleoptera	Polyphaga	Cucujiformia		Chrysomeloidea	Chrysomelidae	Chrysomelinae	Doryphorini		9		
	Galerucella calmariensis	Galerucella calmariensis	OTT	species	Galerucella calmariensis	100	1089431	161252	OTT	1089431	Galerucella	506083	131644	calmariensis	1089431	161252	Galerucella calmariensis	ott3.1draft2	OTT	Eukaryota	Metazoa	Arthropoda	Hexapoda	Insecta	Pterygota	Neoptera		Coleoptera	Polyphaga	Cucujiformia		Chrysomeloidea	Chrysomelidae	Galerucinae	Galerucini		10		
	Galerucella pusilla	Galerucella pusilla	OTT	species	Galerucella pusilla	100	1089428	161253	OTT	1089428	Galerucella	506083	131644	pusilla	1089428	161253	Galerucella pusilla	ott3.1draft2	OTT	Eukaryota	Metazoa	Arthropoda	Hexapoda	Insecta	Pterygota	Neoptera		Coleoptera	Polyphaga	Cucujiformia		Chrysomeloidea	Chrysomelidae	Galerucinae	Galerucini		11		
	Gonioctena japonica	Gonioctena japonica	OTT	species	Gonioctena japonica	100	291002	222435	OTT	291002	Gonioctena	983910	63688	japonica	291002	222435	Gonioctena japonica	ott3.1draft2	OTT	Eukaryota	Metazoa	Arthropoda	Hexapoda	Insecta	Pterygota	Neoptera		Coleoptera	Polyphaga	Cucujiformia		Chrysomeloidea	Chrysomelidae	Chrysomelinae	Chrysomelini		12		
	Gonioctena olivacea	Gonioctena olivacea	OTT	species	Gonioctena olivacea	100	457812	63697	OTT	457812	Gonioctena	983910	63688	olivacea	457812	63697	Gonioctena olivacea	ott3.1draft2	OTT	Eukaryota	Metazoa	Arthropoda	Hexapoda	Insecta	Pterygota	Neoptera		Coleoptera	Polyphaga	Cucujiformia		Chrysomeloidea	Chrysomelidae	Chrysomelinae	Chrysomelini		13		
	Leptinotarsa decemlineata	Leptinotarsa decemlineata	OTT	species	Leptinotarsa decemlineata	100	185597	7539	OTT	185597	Leptinotarsa	30409	7538	decemlineata	185597	7539	Leptinotarsa decemlineata	ott3.1draft2	OTT	Eukaryota	Metazoa	Arthropoda	Hexapoda	Insecta	Pterygota	Neoptera		Coleoptera	Polyphaga	Cucujiformia		Chrysomeloidea	Chrysomelidae	Chrysomelinae	Doryphorini		14		
	Necrobia rufipes	Necrobia rufipes	OTT	species	Necrobia rufipes	100	195427	433251	OTT	195427	Necrobia	75123	433130	rufipes	195427	433251	Necrobia rufipes	ott3.1draft2	OTT	Eukaryota	Metazoa	Arthropoda	Hexapoda	Insecta	Pterygota	Neoptera		Coleoptera	Polyphaga	Cucujiformia		Cleroidea	Cleridae	Korynetinae			15		
	Adalia bipunctata	Adalia bipunctata	OTT	species	Adalia bipunctata	100	965949	7084	OTT	965949	Adalia	965947	7083	bipunctata	965949	7084	Adalia bipunctata	ott3.1draft2	OTT	Eukaryota	Metazoa	Arthropoda	Hexapoda	Insecta	Pterygota	Neoptera		Coleoptera	Polyphaga	Cucujiformia		Cucujoidea	Coccinellidae	Coccinellinae	Coccinellini		16		
	Chilocorus nigritus	Chilocorus nigritus	OTT	species	Chilocorus nigritus	100	344163	559129	OTT	344163	Chilocorus	629397	115341	nigritus	344163	559129	Chilocorus nigritus	ott3.1draft2	OTT	Eukaryota	Metazoa	Arthropoda	Hexapoda	Insecta	Pterygota	Neoptera		Coleoptera	Polyphaga	Cucujiformia		Cucujoidea	Coccinellidae	Chilocorinae	Chilocorini		17		
	Coccinella septempunctata	Coccinella septempunctata	OTT	species	Coccinella septempunctata	100	343294	41139	OTT	343294	Coccinella	343293	41138	septempunctata	343294	41139	Coccinella septempunctata	ott3.1draft2	OTT	Eukaryota	Metazoa	Arthropoda	Hexapoda	Insecta	Pterygota	Neoptera		Coleoptera	Polyphaga	Cucujiformia		Cucujoidea	Coccinellidae	Coccinellinae	Coccinellini		18		
	Coleomegilla maculata	Coleomegilla maculata	OTT	species	Coleomegilla maculata	100	624577	279632	OTT	624577	Coleomegilla	624579	279631	maculata	624577	279632	Coleomegilla maculata	ott3.1draft2	OTT	Eukaryota	Metazoa	Arthropoda	Hexapoda	Insecta	Pterygota	Neoptera		Coleoptera	Polyphaga	Cucujiformia		Cucujoidea	Coccinellidae	Coccinellinae	Coccinellini		19		
	Cryptolaemus montrouzieri	Cryptolaemus montrouzieri	OTT	species	Cryptolaemus montrouzieri	100	1076877	559131	OTT	1076877	Cryptolaemus	1057549	524581	montrouzieri	1076877	559131	Cryptolaemus montrouzieri	ott3.1draft2	OTT	Eukaryota	Metazoa	Arthropoda	Hexapoda	Insecta	Pterygota	Neoptera		Coleoptera	Polyphaga	Cucujiformia		Cucujoidea	Coccinellidae	Scymninae	Scymnini		20		
	Exochomus flavipes	Exochomus flavipes	OTT	species	Exochomus flavipes	100	3355271		OTT	3355271	Exochomus	343277	41136	flavipes	3355271		Exochomus flavipes	ott3.1draft2	OTT	Eukaryota	Metazoa	Arthropoda	Hexapoda	Insecta	Pterygota	Neoptera		Coleoptera	Polyphaga	Cucujiformia		Cucujoidea	Coccinellidae	Chilocorinae	Chilocorini		21		
	Harmonia axyridis	Harmonia axyridis	OTT	species	Harmonia axyridis	100	258281	115357	OTT	258281	Harmonia	332966	115356	axyridis	258281	115357	Harmonia axyridis	ott3.1draft2	OTT	Eukaryota	Metazoa	Arthropoda	Hexapoda	Insecta	Pterygota	Neoptera		Coleoptera	Polyphaga	Cucujiformia		Cucujoidea	Coccinellidae	Coccinellinae	Coccinellini		22		
	Hippodamia convergens	Hippodamia convergens	OTT	species	Hippodamia convergens	100	84739	64696	OTT	84739	Hippodamia	84737	64693	convergens	84739	64696	Hippodamia convergens	ott3.1draft2	OTT	Eukaryota	Metazoa	Arthropoda	Hexapoda	Insecta	Pterygota	Neoptera		Coleoptera	Polyphaga	Cucujiformia		Cucujoidea	Coccinellidae	Coccinellinae	Coccinellini		23		
no_taxonomy	Leis conformis	Leis conformis			Leis conformis	100			GN_datasourceid_168	168	Leis			conformis				ott3.1draft2																			24		
	Rodolia cardinalis	Rodolia cardinalis	OTT	species	Rodolia cardinalis	100	318031	703272	OTT	318031	Rodolia	133945	524535	cardinalis	318031	703272	Rodolia cardinalis	ott3.1draft2	OTT	Eukaryota	Metazoa	Arthropoda	Hexapoda	Insecta	Pterygota	Neoptera		Coleoptera	Polyphaga	Cucujiformia		Cucujoidea	Coccinellidae	Coccidulinae	Noviini		25		
	Anthonomus pomorum	Anthonomus pomorum	OTT	species	Anthonomus pomorum	100	102012	201758	OTT	102012	Anthonomus	865248	7043	pomorum	102012	201758	Anthonomus pomorum	ott3.1draft2	OTT	Eukaryota	Metazoa	Arthropoda	Hexapoda	Insecta	Pterygota	Neoptera		Coleoptera	Polyphaga	Cucujiformia		Curculionoidea	Curculionidae	Curculioninae	Anthonomini		26		
	Cyphocleonus achates	Cyphocleonus	OTT	genus	Cyphocleonus	75	4611570	1342180	OTT	4611570	Cyphocleonus	4611570					Cyphocleonus	ott3.1draft2	OTT	Eukaryota	Metazoa	Arthropoda	Hexapoda	Insecta	Pterygota	Neoptera		Coleoptera	Polyphaga	Cucujiformia		Curculionoidea	Curculionidae	Lixinae			27		
	Gymnetron antirrhini	Rhinusa antirrhini	OTT	species	Gymnetron antirrhini	100	163907	526595	OTT	163907	Rhinusa	963175	478190	antirrhini	163907	526595	Rhinusa antirrhini	ott3.1draft2	OTT	Eukaryota	Metazoa	Arthropoda	Hexapoda	Insecta	Pterygota	Neoptera		Coleoptera	Polyphaga	Cucujiformia		Curculionoidea	Curculionidae	Curculioninae	Mecinini		28		
	Gymnetron netum	Rhinusa neta	OTT	species	Gymnetron netum	100	336733	526602	OTT	336733	Rhinusa	963175	478190	neta	336733	526602	Rhinusa neta	ott3.1draft2	OTT	Eukaryota	Metazoa	Arthropoda	Hexapoda	Insecta	Pterygota	Neoptera		Coleoptera	Polyphaga	Cucujiformia		Curculionoidea	Curculionidae	Curculioninae	Mecinini		29		
	Hylobius transversovittatus	Hylobius transversovittatus	OTT	species	Hylobius transversovittatus	100	215110	450356	OTT	215110	Hylobius	530575	201998	transversovittatus	215110	450356	Hylobius transversovittatus	ott3.1draft2	OTT	Eukaryota	Metazoa	Arthropoda	Hexapoda	Insecta	Pterygota	Neoptera		Coleoptera	Polyphaga	Cucujiformia		Curculionoidea	Curculionidae	Molytinae	Hylobiini		30		
	Hypera nigrirostris	Hypera nigrirostris	OTT	species	Hypera nigrirostris	100	472275	298156	OTT	472275	Hypera	157945	36756	nigrirostris	472275	298156	Hypera nigrirostris	ott3.1draft2	OTT	Eukaryota	Metazoa	Arthropoda	Hexapoda	Insecta	Pterygota	Neoptera		Coleoptera	Polyphaga	Cucujiformia		Curculionoidea	Curculionidae	Hyperinae			31		
	Neochetina bruchi	Neochetina bruchi	OTT	species	Neochetina bruchi	100	4605068	1969341	OTT	4605068	Neochetina	4605067	1050922	bruchi	4605068	1969341	Neochetina bruchi	ott3.1draft2	OTT	Eukaryota	Metazoa	Arthropoda	Hexapoda	Insecta	Pterygota	Neoptera		Coleoptera	Polyphaga	Cucujiformia		Curculionoidea	Brachyceridae	Erirhininae			32		
	Neochetina eichhorniae	Neochetina eichhorniae	OTT	species	Neochetina eichhorniae	100	4605069	1050923	OTT	4605069	Neochetina	4605067	1050922	eichhorniae	4605069	1050923	Neochetina eichhorniae	ott3.1draft2	OTT	Eukaryota	Metazoa	Arthropoda	Hexapoda	Insecta	Pterygota	Neoptera		Coleoptera	Polyphaga	Cucujiformia		Curculionoidea	Brachyceridae	Erirhininae			33		
	Oxyops vitiosa	Oxyops vitiosa	OTT	species	Oxyops vitiosa	100	110959	122868	OTT	110959	Oxyops	110949	122867	vitiosa	110959	122868	Oxyops vitiosa	ott3.1draft2	OTT	Eukaryota	Metazoa	Arthropoda	Hexapoda	Insecta	Pterygota	Neoptera		Coleoptera	Polyphaga	Cucujiformia		Curculionoidea	Curculionidae	Gonipterinae			34		
	Phytonomus meles	Phytonomus	OTT	genus	Phytonomus	77	4607750		OTT	4607750	Phytonomus	4607750					Phytonomus	ott3.1draft2	OTT	Eukaryota	Metazoa	Arthropoda	Hexapoda	Insecta	Pterygota	Neoptera		Coleoptera	Polyphaga	Cucujiformia		Curculionoidea	Curculionidae				35		
	Rhinocyllus conicus	Rhinocyllus conicus	OTT	species	Rhinocyllus conicus	100	1087312	202166	OTT	1087312	Rhinocyllus	914412	202165	conicus	1087312	202166	Rhinocyllus conicus	ott3.1draft2	OTT	Eukaryota	Metazoa	Arthropoda	Hexapoda	Insecta	Pterygota	Neoptera		Coleoptera	Polyphaga	Cucujiformia		Curculionoidea	Curculionidae	Cleoninae			36		
	Sitophilus granarius	Sitophilus granarius	OTT	species	Sitophilus granarius	100	865241	7046	OTT	865241	Sitophilus	865235	7045	granarius	865241	7046	Sitophilus granarius	ott3.1draft2	OTT	Eukaryota	Metazoa	Arthropoda	Hexapoda	Insecta	Pterygota	Neoptera		Coleoptera	Polyphaga	Cucujiformia		Curculionoidea	Curculionidae	Dryophthorinae			37		
	Sitophilus oryzae	Sitophilus oryzae	OTT	species	Sitophilus oryzae	100	865254	7048	OTT	865254	Sitophilus	865235	7045	oryzae	865254	7048	Sitophilus oryzae	ott3.1draft2	OTT	Eukaryota	Metazoa	Arthropoda	Hexapoda	Insecta	Pterygota	Neoptera		Coleoptera	Polyphaga	Cucujiformia		Curculionoidea	Curculionidae	Dryophthorinae			38		
	Trichosirocalus horridus	Trichosirocalus horridus	OTT	species	Trichosirocalus horridus	100	103638	879060	OTT	103638	Trichosirocalus	677590	879059	horridus	103638	879060	Trichosirocalus horridus	ott3.1draft2	OTT	Eukaryota	Metazoa	Arthropoda	Hexapoda	Insecta	Pterygota	Neoptera		Coleoptera	Polyphaga	Cucujiformia		Curculionoidea	Curculionidae	Baridinae			39		
	Anthrenus museorum	Anthrenus museorum	OTT	species	Anthrenus museorum	100	3325250	1553085	OTT	3325250	Anthrenus	682533	219452	museorum	3325250	1553085	Anthrenus museorum	ott3.1draft2	OTT	Eukaryota	Metazoa	Arthropoda	Hexapoda	Insecta	Pterygota	Neoptera		Coleoptera	Polyphaga	Bostrichiformia		Bostrichoidea	Dermestidae				40		
	Anthrenus verbasci	Anthrenus verbasci	OTT	species	Anthrenus verbasci	100	1044451	295669	OTT	1044451	Anthrenus	682533	219452	verbasci	1044451	295669	Anthrenus verbasci	ott3.1draft2	OTT	Eukaryota	Metazoa	Arthropoda	Hexapoda	Insecta	Pterygota	Neoptera		Coleoptera	Polyphaga	Bostrichiformia		Bostrichoidea	Dermestidae				41		
	Attagenus pellio	Attagenus pellio	OTT	species	Attagenus pellio	100	161628	41096	OTT	161628	Attagenus	1000362	41095	pellio	161628	41096	Attagenus pellio	ott3.1draft2	OTT	Eukaryota	Metazoa	Arthropoda	Hexapoda	Insecta	Pterygota	Neoptera		Coleoptera	Polyphaga	Bostrichiformia		Bostrichoidea	Dermestidae				42		
	Attagenus piceus	Attagenus unicolor	OTT	species	Attagenus piceus	100	3325291	1475208	OTT	3325291	Attagenus	1000362	41095	unicolor	3325291	1475208	Attagenus unicolor	ott3.1draft2	OTT	Eukaryota	Metazoa	Arthropoda	Hexapoda	Insecta	Pterygota	Neoptera		Coleoptera	Polyphaga	Bostrichiformia		Bostrichoidea	Dermestidae				43		
	Dermestes lardarius	Dermestes lardarius	OTT	species	Dermestes lardarius	100	343928	219542	OTT	343928	Dermestes	343932	219541	lardarius	343928	219542	Dermestes lardarius	ott3.1draft2	OTT	Eukaryota	Metazoa	Arthropoda	Hexapoda	Insecta	Pterygota	Neoptera		Coleoptera	Polyphaga	Bostrichiformia		Bostrichoidea	Dermestidae				44		
	Trogoderma granarium	Trogoderma granarium	OTT	species	Trogoderma granarium	100	97628	591392	OTT	97628	Trogoderma	97632	591390	granarium	97628	591392	Trogoderma granarium	ott3.1draft2	OTT	Eukaryota	Metazoa	Arthropoda	Hexapoda	Insecta	Pterygota	Neoptera		Coleoptera	Polyphaga	Bostrichiformia		Bostrichoidea	Dermestidae				45		
	Trogoderma versicolor	Trogoderma versicolor	OTT	species	Trogoderma versicolor	100	3325126		OTT	3325126	Trogoderma	97632	591390	versicolor	3325126		Trogoderma versicolor	ott3.1draft2	OTT	Eukaryota	Metazoa	Arthropoda	Hexapoda	Insecta	Pterygota	Neoptera		Coleoptera	Polyphaga	Bostrichiformia		Bostrichoidea	Dermestidae				46		
	Laricobius erichsonii	Laricobius erichsoni	OTT	species	Laricobius erichsonii	100	620979	174907	OTT	620979	Laricobius	915379	174906	erichsoni	620979	174907	Laricobius erichsoni	ott3.1draft2	OTT	Eukaryota	Metazoa	Arthropoda	Hexapoda	Insecta	Pterygota	Neoptera		Coleoptera	Polyphaga	Bostrichiformia		Derodontoidea	Derodontidae				47		
	Drilus flavescens	Drilus flavescens	OTT	species	Drilus flavescens	100	25901	295522	OTT	25901	Drilus	25897	295521	flavescens	25901	295522	Drilus flavescens	ott3.1draft2	OTT	Eukaryota	Metazoa	Arthropoda	Hexapoda	Insecta	Pterygota	Neoptera		Coleoptera	Polyphaga	Elateriformia		Elateroidea	Drilidae				48		
	Dytiscus marginalis	Dytiscus marginalis	OTT	species	Dytiscus marginalis	100	551469	398601	OTT	551469	Dytiscus	304281	107799	marginalis	551469	398601	Dytiscus marginalis	ott3.1draft2	OTT	Eukaryota	Metazoa	Arthropoda	Hexapoda	Insecta	Pterygota	Neoptera		Coleoptera	Adephaga			Dytiscoidea	Dytiscidae	Dytiscinae	Dytiscini		49		
	Agriotes mancus	Agriotes mancus	OTT	species	Agriotes mancus	100	993055	1132040	OTT	993055	Agriotes	640462	292457	mancus	993055	1132040	Agriotes mancus	ott3.1draft2	OTT	Eukaryota	Metazoa	Arthropoda	Hexapoda	Insecta	Pterygota	Neoptera		Coleoptera	Polyphaga	Elateriformia		Elateroidea	Elateridae	Elaterinae			50		
	Melanotus longulus	Melanotus longulus	OTT	species	Melanotus longulus	100	3412166	1415925	OTT	3412166	Melanotus	120107	185570	longulus	3412166	1415925	Melanotus longulus	ott3.1draft2	OTT	Eukaryota	Metazoa	Arthropoda	Hexapoda	Insecta	Pterygota	Neoptera		Coleoptera	Polyphaga	Elateriformia		Elateroidea	Elateridae	Melanotinae			51		
	Lamprophorus tenebrosus	Lamprigera	OTT	genus	Lamprophorus	69	742713	370604	OTT	742713	Lamprigera	742713					Lamprigera	ott3.1draft2	OTT	Eukaryota	Metazoa	Arthropoda	Hexapoda	Insecta	Pterygota	Neoptera		Coleoptera	Polyphaga	Elateriformia		Elateroidea	Lampyridae	Lampyrinae			52		
	Lyctus brunneus	Lyctus brunneus	OTT	species	Lyctus brunneus	100	1012903	351485	OTT	1012903	Lyctus	1044439	295666	brunneus	1012903	351485	Lyctus brunneus	ott3.1draft2	OTT	Eukaryota	Metazoa	Arthropoda	Hexapoda	Insecta	Pterygota	Neoptera		Coleoptera	Polyphaga	Bostrichiformia		Bostrichoidea	Bostrichidae	Lyctinae			53		
	Lyctus linearis	Lyctus linearis	OTT	species	Lyctus linearis	100	3324766	1569672	OTT	3324766	Lyctus	1044439	295666	linearis	3324766	1569672	Lyctus linearis	ott3.1draft2	OTT	Eukaryota	Metazoa	Arthropoda	Hexapoda	Insecta	Pterygota	Neoptera		Coleoptera	Polyphaga	Bostrichiformia		Bostrichoidea	Bostrichidae	Lyctinae			54		
	Carpophilus hemipterus	Carpophilus hemipterus	OTT	species	Carpophilus hemipterus	100	407723	913120	OTT	407723	Carpophilus	316275	225191	hemipterus	407723	913120	Carpophilus hemipterus	ott3.1draft2	OTT	Eukaryota	Metazoa	Arthropoda	Hexapoda	Insecta	Pterygota	Neoptera		Coleoptera	Polyphaga	Cucujiformia		Cucujoidea	Nitidulidae	Carpophilinae			55		
	Carpophilus humeralis	Urophorus humeralis	OTT	species	Carpophilus humeralis	100	222875	913129	OTT	222875	Urophorus	209569	577245	humeralis	222875	913129	Urophorus humeralis	ott3.1draft2	OTT	Eukaryota	Metazoa	Arthropoda	Hexapoda	Insecta	Pterygota	Neoptera		Coleoptera	Polyphaga	Cucujiformia		Cucujoidea	Nitidulidae	Carpophilinae			56		
	Carpophilus obsoletus	Carpophilus obsoletus	OTT	species	Carpophilus obsoletus	100	963806	433029	OTT	963806	Carpophilus	316275	225191	obsoletus	963806	433029	Carpophilus obsoletus	ott3.1draft2	OTT	Eukaryota	Metazoa	Arthropoda	Hexapoda	Insecta	Pterygota	Neoptera		Coleoptera	Polyphaga	Cucujiformia		Cucujoidea	Nitidulidae	Carpophilinae			57		
	Ptinus fur	Ptinus fur	OTT	species	Ptinus fur	100	1060197	442096	OTT	1060197	Ptinus	579130	186080	fur	1060197	442096	Ptinus fur	ott3.1draft2	OTT	Eukaryota	Metazoa	Arthropoda	Hexapoda	Insecta	Pterygota	Neoptera		Coleoptera	Polyphaga	Bostrichiformia		Bostrichoidea	Ptinidae				58		
	Ptinus sexpunctatus	Ptinus sexpunctatus	OTT	species	Ptinus sexpunctatus	100	3325617	1546020	OTT	3325617	Ptinus	579130	186080	sexpunctatus	3325617	1546020	Ptinus sexpunctatus	ott3.1draft2	OTT	Eukaryota	Metazoa	Arthropoda	Hexapoda	Insecta	Pterygota	Neoptera		Coleoptera	Polyphaga	Bostrichiformia		Bostrichoidea	Ptinidae				59		
	Macrosiagon tricuspidata	Macrosiagon	OTT	genus	Macrosiagon	63	74815	432899	OTT	74815	Macrosiagon	74815					Macrosiagon	ott3.1draft2	OTT	Eukaryota	Metazoa	Arthropoda	Hexapoda	Insecta	Pterygota	Neoptera		Coleoptera	Polyphaga	Cucujiformia		Tenebrionoidea	Ripiphoridae				60		
	Amphimallon caucasium	Amphimallon caucasicum	OTT	species	Amphimallon caucasicum	98	3333853		OTT	3333853	Amphimallon	881343	221091	caucasicum	3333853		Amphimallon caucasicum	ott3.1draft2	OTT	Eukaryota	Metazoa	Arthropoda	Hexapoda	Insecta	Pterygota	Neoptera		Coleoptera	Polyphaga	Scarabaeiformia		Scarabaeoidea	Scarabaeidae	Melolonthinae			61		
	Amphimallon majalis	Amphimallon majalis	OTT	species	Amphimallon majalis	100	881336	221092	OTT	881336	Amphimallon	881343	221091	majalis	881336	221092	Amphimallon majalis	ott3.1draft2	OTT	Eukaryota	Metazoa	Arthropoda	Hexapoda	Insecta	Pterygota	Neoptera		Coleoptera	Polyphaga	Scarabaeiformia		Scarabaeoidea	Scarabaeidae	Melolonthinae			62		
	Anomala horticola	Anomala	OTT	genus	Anomala	58	318539	71817	OTT	318539	Anomala	318539					Anomala	ott3.1draft2	OTT	Eukaryota	Metazoa	Arthropoda	Hexapoda	Insecta	Pterygota	Neoptera		Coleoptera	Polyphaga	Scarabaeiformia		Scarabaeoidea	Scarabaeidae	Rutelinae			63		
	Aphodius ater	Aphodius ater	OTT	species	Aphodius ater	100	1003181	207123	OTT	1003181	Aphodius	378237	166307	ater	1003181	207123	Aphodius ater	ott3.1draft2	OTT	Eukaryota	Metazoa	Arthropoda	Hexapoda	Insecta	Pterygota	Neoptera		Coleoptera	Polyphaga	Scarabaeiformia		Scarabaeoidea	Scarabaeidae	Aphodiinae			64	Agrilinus	
	Bubas bison	Bubas bison	OTT	species	Bubas bison	100	328989	166326	OTT	328989	Bubas	328987	166325	bison	328989	166326	Bubas bison	ott3.1draft2	OTT	Eukaryota	Metazoa	Arthropoda	Hexapoda	Insecta	Pterygota	Neoptera		Coleoptera	Polyphaga	Scarabaeiformia		Scarabaeoidea	Scarabaeidae	Scarabaeinae			65		
	Cephalodesmius armiger	Cephalodesmius armiger	OTT	species	Cephalodesmius armiger	100	386188	206823	OTT	386188	Cephalodesmius	386186	206822	armiger	386188	206823	Cephalodesmius armiger	ott3.1draft2	OTT	Eukaryota	Metazoa	Arthropoda	Hexapoda	Insecta	Pterygota	Neoptera		Coleoptera	Polyphaga	Scarabaeiformia		Scarabaeoidea	Scarabaeidae	Scarabaeinae			66		
	Copris diversus	Copris diversus	OTT	species	Copris diversus	100	3332972		OTT	3332972	Copris	765929	41145	diversus	3332972		Copris diversus	ott3.1draft2	OTT	Eukaryota	Metazoa	Arthropoda	Hexapoda	Insecta	Pterygota	Neoptera		Coleoptera	Polyphaga	Scarabaeiformia		Scarabaeoidea	Scarabaeidae	Scarabaeinae	Coprini		67		
	Copris incertus	Copris incertus	OTT	species	Copris incertus	100	3332924		OTT	3332924	Copris	765929	41145	incertus	3332924		Copris incertus	ott3.1draft2	OTT	Eukaryota	Metazoa	Arthropoda	Hexapoda	Insecta	Pterygota	Neoptera		Coleoptera	Polyphaga	Scarabaeiformia		Scarabaeoidea	Scarabaeidae	Scarabaeinae	Coprini		68		
	Copris remotus	Copris remotus	OTT	species	Copris remotus	100	3332942		OTT	3332942	Copris	765929	41145	remotus	3332942		Copris remotus	ott3.1draft2	OTT	Eukaryota	Metazoa	Arthropoda	Hexapoda	Insecta	Pterygota	Neoptera		Coleoptera	Polyphaga	Scarabaeiformia		Scarabaeoidea	Scarabaeidae	Scarabaeinae	Coprini		69		
	Eurysternus marmoreus	Eurysternus marmoreus	OTT	species	Eurysternus marmoreus	100	3328073		OTT	3328073	Eurysternus	487184	206864	marmoreus	3328073		Eurysternus marmoreus	ott3.1draft2	OTT	Eukaryota	Metazoa	Arthropoda	Hexapoda	Insecta	Pterygota	Neoptera		Coleoptera	Polyphaga	Scarabaeiformia		Scarabaeoidea	Scarabaeidae	Scarabaeinae	Eurysternini		70		
	Melolontha melolontha	Melolontha melolontha	OTT	species	Melolontha melolontha	100	1093496	7061	OTT	1093496	Melolontha	1093501	7060	melolontha	1093496	7061	Melolontha melolontha	ott3.1draft2	OTT	Eukaryota	Metazoa	Arthropoda	Hexapoda	Insecta	Pterygota	Neoptera		Coleoptera	Polyphaga	Scarabaeiformia		Scarabaeoidea	Scarabaeidae	Melolonthinae			71		
	Onitis belial	Onitis belial	OTT	species	Onitis belial	100	720429	166330	OTT	720429	Onitis	328972	166329	belial	720429	166330	Onitis belial	ott3.1draft2	OTT	Eukaryota	Metazoa	Arthropoda	Hexapoda	Insecta	Pterygota	Neoptera		Coleoptera	Polyphaga	Scarabaeiformia		Scarabaeoidea	Scarabaeidae	Scarabaeinae			72		
	Ips pini	Ips pini	OTT	species	Ips pini	100	1084161	102803	OTT	1084161	Ips	447998	55979	pini	1084161	102803	Ips pini	ott3.1draft2	OTT	Eukaryota	Metazoa	Arthropoda	Hexapoda	Insecta	Pterygota	Neoptera		Coleoptera	Polyphaga	Cucujiformia		Curculionoidea	Curculionidae	Scolytinae			73		
	Scolytus rugulosus	Scolytus rugulosus	OTT	species	Scolytus rugulosus	100	917722	1219883	OTT	917722	Scolytus	134795	159923	rugulosus	917722	1219883	Scolytus rugulosus	ott3.1draft2	OTT	Eukaryota	Metazoa	Arthropoda	Hexapoda	Insecta	Pterygota	Neoptera		Coleoptera	Polyphaga	Cucujiformia		Curculionoidea	Curculionidae	Scolytinae			74		
	Xyleborus germanus	Xyleborus	OTT	genus	Xyleborus	67	64711	105119	OTT	64711	Xyleborus	64711					Xyleborus	ott3.1draft2	OTT	Eukaryota	Metazoa	Arthropoda	Hexapoda	Insecta	Pterygota	Neoptera		Coleoptera	Polyphaga	Cucujiformia		Curculionoidea	Curculionidae	Scolytinae			75		
	Phosphuga atrata	Phosphuga atrata	OTT	species	Phosphuga atrata	100	945486	414934	OTT	945486	Phosphuga	945491	414933	atrata	945486	414934	Phosphuga atrata	ott3.1draft2	OTT	Eukaryota	Metazoa	Arthropoda	Hexapoda	Insecta	Pterygota	Neoptera		Coleoptera	Polyphaga	Staphyliniformia		Staphylinoidea	Silphidae	Silphinae			76		
	Aleochara bilineata	Aleochara bilineata	OTT	species	Aleochara bilineata	100	704240	135921	OTT	704240	Aleochara	725145	135866	bilineata	704240	135921	Aleochara bilineata	ott3.1draft2	OTT	Eukaryota	Metazoa	Arthropoda	Hexapoda	Insecta	Pterygota	Neoptera		Coleoptera	Polyphaga	Staphyliniformia		Staphylinoidea	Staphylinidae	Aleocharinae	Aleocharini		77		
	Tachyporus hypnorum	Tachyporus hypnorum	OTT	species	Tachyporus hypnorum	100	641965	346861	OTT	641965	Tachyporus	765939	41148	hypnorum	641965	346861	Tachyporus hypnorum	ott3.1draft2	OTT	Eukaryota	Metazoa	Arthropoda	Hexapoda	Insecta	Pterygota	Neoptera		Coleoptera	Polyphaga	Staphyliniformia		Staphylinoidea	Staphylinidae	Tachyporinae			78		
	Bolitotherus cornutus	Bolitotherus cornutus	OTT	species	Bolitotherus cornutus	100	266864	683890	OTT	266864	Bolitotherus	790199	683889	cornutus	266864	683890	Bolitotherus cornutus	ott3.1draft2	OTT	Eukaryota	Metazoa	Arthropoda	Hexapoda	Insecta	Pterygota	Neoptera		Coleoptera	Polyphaga	Cucujiformia		Tenebrionoidea	Tenebrionidae	Tenebrioninae			79		
	Tenebrio molitor	Tenebrio molitor	OTT	species	Tenebrio molitor	100	1093470	7067	OTT	1093470	Tenebrio	915307	7066	molitor	1093470	7067	Tenebrio molitor	ott3.1draft2	OTT	Eukaryota	Metazoa	Arthropoda	Hexapoda	Insecta	Pterygota	Neoptera		Coleoptera	Polyphaga	Cucujiformia		Tenebrionoidea	Tenebrionidae	Tenebrioninae			80		
	Tenebrio obscurus	Tenebrio obscurus	OTT	species	Tenebrio obscurus	100	149641	27449	OTT	149641	Tenebrio	915307	7066	obscurus	149641	27449	Tenebrio obscurus	ott3.1draft2	OTT	Eukaryota	Metazoa	Arthropoda	Hexapoda	Insecta	Pterygota	Neoptera		Coleoptera	Polyphaga	Cucujiformia		Tenebrionoidea	Tenebrionidae	Tenebrioninae			81		
	Tribolium castaneum	Tribolium castaneum	OTT	species	Tribolium castaneum	100	148904	7070	OTT	148904	Tribolium	1093463	7069	castaneum	148904	7070	Tribolium castaneum	ott3.1draft2	OTT	Eukaryota	Metazoa	Arthropoda	Hexapoda	Insecta	Pterygota	Neoptera		Coleoptera	Polyphaga	Cucujiformia		Tenebrionoidea	Tenebrionidae	Tenebrioninae			82		
	Tenebroides mauritanicus	Tenebroides mauritanicus	OTT	species	Tenebroides mauritanicus	100	144614	433272	OTT	144614	Tenebroides	23648	433153	mauritanicus	144614	433272	Tenebroides mauritanicus	ott3.1draft2	OTT	Eukaryota	Metazoa	Arthropoda	Hexapoda	Insecta	Pterygota	Neoptera		Coleoptera	Polyphaga	Cucujiformia		Cleroidea	Trogossitidae	Trogossitinae			83		
no_taxonomy	Euboriella annulipes	Euboriella annulipes			Euboriella annulipes	100			GN_datasourceid_168	168	Euboriella			annulipes				ott3.1draft2																			84		
	Anechura bipunctata	Anechura bipunctata	OTT	species	Anechura bipunctata	100	336390	94124	OTT	336390	Anechura	921180	94123	bipunctata	336390	94124	Anechura bipunctata	ott3.1draft2	OTT	Eukaryota	Metazoa	Arthropoda	Hexapoda	Insecta	Pterygota	Neoptera		Dermaptera	Forficulina			Forficuloidea	Forficulidae				85		
	Chelidurella acanthopygia	Chelidura acanthopygia	OTT	species	Chelidurella acanthopygia	100	420226	2546181	OTT	420226	Chelidura	420225	163240	acanthopygia	420226	2546181	Chelidura acanthopygia	ott3.1draft2	OTT	Eukaryota	Metazoa	Arthropoda	Hexapoda	Insecta	Pterygota	Neoptera		Dermaptera	Forficulina			Forficuloidea	Forficulidae				86		
	Forficula auricularia	Forficula auricularia	OTT	species	Forficula auricularia	100	673084	13068	OTT	673084	Forficula	661722	13067	auricularia	673084	13068	Forficula auricularia	ott3.1draft2	OTT	Eukaryota	Metazoa	Arthropoda	Hexapoda	Insecta	Pterygota	Neoptera		Dermaptera	Forficulina			Forficuloidea	Forficulidae				87		
	Labidura riparia	Labidura riparia	OTT	species	Labidura riparia	100	556770	50449	OTT	556770	Labidura	556769	50448	riparia	556770	50449	Labidura riparia	ott3.1draft2	OTT	Eukaryota	Metazoa	Arthropoda	Hexapoda	Insecta	Pterygota	Neoptera		Dermaptera	Forficulina			Anisolabidoidea	Labiduridae				88		
	Diploptera punctata	Diploptera punctata	OTT	species	Diploptera punctata	100	518248	6984	OTT	518248	Dictyoptera	518250	6983	punctata	518248	6984	Diploptera punctata	ott3.1draft2	OTT	Eukaryota	Metazoa	Arthropoda	Hexapoda	Insecta	Pterygota	Neoptera		Blattodea				Blaberoidea	Blaberidae	Diplopterinae			89		
	Nauphoeta cinerea	Nauphoeta cinerea	OTT	species	Nauphoeta cinerea	100	1095591	6990	OTT	1095591	Dictyoptera	518247	6989	cinerea	1095591	6990	Nauphoeta cinerea	ott3.1draft2	OTT	Eukaryota	Metazoa	Arthropoda	Hexapoda	Insecta	Pterygota	Neoptera		Blattodea				Blaberoidea	Blaberidae	Oxyhaloinae			90		
	Pycnoscelus surinamensis	Pycnoscelus surinamensis	OTT	species	Pycnoscelus surinamensis	100	631931	36961	OTT	631931	Dictyoptera	631934	36960	surinamensis	631931	36961	Pycnoscelus surinamensis	ott3.1draft2	OTT	Eukaryota	Metazoa	Arthropoda	Hexapoda	Insecta	Pterygota	Neoptera		Blattodea				Blaberoidea	Blaberidae	Pycnoscelinae			91		
	Blattella germanica	Blattella germanica	OTT	species	Blattella germanica	100	48282	6973	OTT	48282	Dictyoptera	48280	6972	germanica	48282	6973	Blattella germanica	ott3.1draft2	OTT	Eukaryota	Metazoa	Arthropoda	Hexapoda	Insecta	Pterygota	Neoptera		Blattodea				Blaberoidea	Ectobiidae	Blattellinae			92		
	Eurycotis floridana	Eurycotis floridana	OTT	species	Eurycotis floridana	100	318578	303877	OTT	318578	Dictyoptera	969216	303876	floridana	318578	303877	Eurycotis floridana	ott3.1draft2	OTT	Eukaryota	Metazoa	Arthropoda	Hexapoda	Insecta	Pterygota	Neoptera		Blattodea				Blattoidea	Blattidae	Polyzosteriinae			93		
	Periplaneta australasiae	Periplaneta australasiae	OTT	species	Periplaneta australasiae	100	265012	36975	OTT	265012	Dictyoptera	48276	6977	australasiae	265012	36975	Periplaneta australasiae	ott3.1draft2	OTT	Eukaryota	Metazoa	Arthropoda	Hexapoda	Insecta	Pterygota	Neoptera		Blattodea				Blattoidea	Blattidae	Blattinae			94		
	Cryptocercus punctulatus	Cryptocercus punctulatus	OTT	species	Cryptocercus punctulatus	100	991755	36984	OTT	991755	Dictyoptera	991750	36983	punctulatus	991755	36984	Cryptocercus punctulatus	ott3.1draft2	OTT	Eukaryota	Metazoa	Arthropoda	Hexapoda	Insecta	Pterygota	Neoptera		Blattodea				Blattoidea	Cryptocercidae				95		
	Mantis religiosa	Mantis religiosa	OTT	species	Mantis religiosa	100	656298	7507	OTT	656298	Dictyoptera	641494	7506	religiosa	656298	7507	Mantis religiosa	ott3.1draft2	OTT	Eukaryota	Metazoa	Arthropoda	Hexapoda	Insecta	Pterygota	Neoptera		Mantodea					Mantidae	Mantinae	Mantini		96		
	Didymuria violescens	Didymuria violescens	OTT	species	Didymuria violescens	100	4181267		OTT	4181267	Didymuria	525637	741263	violescens	4181267		Didymuria violescens	ott3.1draft2	OTT	Eukaryota	Metazoa	Arthropoda	Hexapoda	Insecta	Pterygota	Neoptera		Phasmatodea	Verophasmatodea	Anareolatae			Phasmatidae	Tropidoderinae			97		
	Extatosoma tiaratum	Extatosoma tiaratum	OTT	species	Extatosoma tiaratum	100	814477	7024	OTT	814477	Extatosoma	814467	7023	tiaratum	814477	7024	Extatosoma tiaratum	ott3.1draft2	OTT	Eukaryota	Metazoa	Arthropoda	Hexapoda	Insecta	Pterygota	Neoptera		Phasmatodea	Verophasmatodea	Anareolatae			Phasmatidae	Tropidoderinae			98		
	Phyllium bioculatum	Phyllium bioculatum	OTT	species	Phyllium bioculatum	100	1015982	58609	OTT	1015982	Phyllium	1015981	58608	bioculatum	1015982	58609	Phyllium bioculatum	ott3.1draft2	OTT	Eukaryota	Metazoa	Arthropoda	Hexapoda	Insecta	Pterygota	Neoptera		Phasmatodea	Verophasmatodea	Areolatae		Phyllioidea	Phylliidae		Phylliini		99		
	Podacanthus typhon	Podacanthus typhon	OTT	species	Podacanthus typhon	100	3508757		OTT	3508757	Podacanthus	762232	614137	typhon	3508757		Podacanthus typhon	ott3.1draft2	OTT	Eukaryota	Metazoa	Arthropoda	Hexapoda	Insecta	Pterygota	Neoptera		Phasmatodea	Verophasmatodea	Anareolatae			Phasmatidae	Tropidoderinae			100		
	Tropidoderus childreni	Tropidoderus childrenii	OTT	species	Tropidoderus childreni	100	30971	202447	OTT	30971	Tropidoderus	188572	202446	childrenii	30971	202447	Tropidoderus childrenii	ott3.1draft2	OTT	Eukaryota	Metazoa	Arthropoda	Hexapoda	Insecta	Pterygota	Neoptera		Phasmatodea	Verophasmatodea	Anareolatae			Phasmatidae	Tropidoderinae			101		
	Calliphora erythrocephala	Calliphora vicina	OTT	species	Calliphora erythrocephala	100	1010998	7373	OTT	1010998	Calliphora	1011001	7372	vicina	1010998	7373	Calliphora vicina	ott3.1draft2	OTT	Eukaryota	Metazoa	Arthropoda	Hexapoda	Insecta	Pterygota	Neoptera		Diptera	Brachycera	Muscomorpha		Oestroidea	Calliphoridae	Calliphorinae			102		Schizophora
	Chrysomya bezziana	Chrysomya bezziana	OTT	species	Chrysomya bezziana	100	855154	69364	OTT	855154	Chrysomya	706870	45449	bezziana	855154	69364	Chrysomya bezziana	ott3.1draft2	OTT	Eukaryota	Metazoa	Arthropoda	Hexapoda	Insecta	Pterygota	Neoptera		Diptera	Brachycera	Muscomorpha		Oestroidea	Calliphoridae	Chrysomyinae	Chrysomyini		103		Schizophora
	Lucilia cuprina	Lucilia cuprina	OTT	species	Lucilia cuprina	100	1011014	7375	OTT	1011014	Lucilia	1011017	7374	cuprina	1011014	7375	Lucilia cuprina	ott3.1draft2	OTT	Eukaryota	Metazoa	Arthropoda	Hexapoda	Insecta	Pterygota	Neoptera		Diptera	Brachycera	Muscomorpha		Oestroidea	Calliphoridae	Luciliinae			104		Schizophora
	Lucilia sericata	Lucilia sericata	OTT	species	Lucilia sericata	100	173570	13632	OTT	173570	Lucilia	1011017	7374	sericata	173570	13632	Lucilia sericata	ott3.1draft2	OTT	Eukaryota	Metazoa	Arthropoda	Hexapoda	Insecta	Pterygota	Neoptera		Diptera	Brachycera	Muscomorpha		Oestroidea	Calliphoridae	Luciliinae			105		Schizophora
	Aphidoletes aphidimyza	Aphidoletes aphidimyza	OTT	species	Aphidoletes aphidimyza	100	234104	95972	OTT	234104	Cecidomyiidi	234108	95971	aphidimyza	234104	95972	Aphidoletes aphidimyza	ott3.1draft2	OTT	Eukaryota	Metazoa	Arthropoda	Hexapoda	Insecta	Pterygota	Neoptera		Diptera	Nematocera	Bibionomorpha		Sciaroidea	Cecidomyiidae	Cecidomyiinae	Cecidomyiini		106		
	Spurgia esulae	Spurgia esulae	OTT	species	Spurgia esulae	100	4483005		OTT	4483005	Spurgia	441581	267984	esulae	4483005		Spurgia esulae	ott3.1draft2	OTT	Eukaryota	Metazoa	Arthropoda	Hexapoda	Insecta	Pterygota	Neoptera		Diptera	Nematocera	Bibionomorpha		Sciaroidea	Cecidomyiidae	Cecidomyiinae	Dasineurini		107		
	Chironomus plumosus	Chironomus plumosus	OTT	species	Chironomus plumosus	100	1082874	33397	OTT	1082874	Chironomus	269685	7150	plumosus	1082874	33397	Chironomus plumosus	ott3.1draft2	OTT	Eukaryota	Metazoa	Arthropoda	Hexapoda	Insecta	Pterygota	Neoptera		Diptera	Nematocera	Culicomorpha		Chironomoidea	Chironomidae	Chironominae	Chironomini		108	Chironomus subgenus Chironomus	
	Chironomus tentans	Chironomus tentans	OTT	species	Chironomus tentans	100	269681	7153	OTT	269681	Chironomus	269685	7150	tentans	269681	7153	Chironomus tentans	ott3.1draft2	OTT	Eukaryota	Metazoa	Arthropoda	Hexapoda	Insecta	Pterygota	Neoptera		Diptera	Nematocera	Culicomorpha		Chironomoidea	Chironomidae	Chironominae	Chironomini		109	Camptochironomus	
	Corynoneura scutellata	Corynoneura scutellata	OTT	species	Corynoneura scutellata	100	4473835	611450	OTT	4473835	Corynoneura	717471	611344	scutellata	4473835	611450	Corynoneura scutellata	ott3.1draft2	OTT	Eukaryota	Metazoa	Arthropoda	Hexapoda	Insecta	Pterygota	Neoptera		Diptera	Nematocera	Culicomorpha		Chironomoidea	Chironomidae	Orthocladiinae			110		
	Cricotopus trifasciatus	Cricotopus trifasciatus	OTT	species	Cricotopus trifasciatus	100	652525	1042861	OTT	652525	Cricotopus	56158	153373	trifasciatus	652525	1042861	Cricotopus trifasciatus	ott3.1draft2	OTT	Eukaryota	Metazoa	Arthropoda	Hexapoda	Insecta	Pterygota	Neoptera		Diptera	Nematocera	Culicomorpha		Chironomoidea	Chironomidae	Orthocladiinae			111		
	Delia antiqua	Delia antiqua	OTT	species	Delia antiqua	100	408717	265456	OTT	408717	Delia	116717	30063	antiqua	408717	265456	Delia antiqua	ott3.1draft2	OTT	Eukaryota	Metazoa	Arthropoda	Hexapoda	Insecta	Pterygota	Neoptera		Diptera	Brachycera	Muscomorpha		Muscoidea	Anthomyiidae	Anthomyiinae			112		Schizophora
no_taxonomy	Erioischia brassicae	Erioischia brassicae			Erioischia brassicae	100			GN_datasourceid_168	168	Erioischia			brassicae				ott3.1draft2																			113		
	Musca domestica	Musca domestica	OTT	species	Musca domestica	100	1011010	7370	OTT	1011010	Musca	484748	7369	domestica	1011010	7370	Musca domestica	ott3.1draft2	OTT	Eukaryota	Metazoa	Arthropoda	Hexapoda	Insecta	Pterygota	Neoptera		Diptera	Brachycera	Muscomorpha		Muscoidea	Muscidae	Muscinae	Muscini		114	Musca subgenus Musca	Schizophora
	Stomoxys calcitrans	Stomoxys calcitrans	OTT	species	Stomoxys calcitrans	100	42520	35570	OTT	42520	Stomoxys	563383	35569	calcitrans	42520	35570	Stomoxys calcitrans	ott3.1draft2	OTT	Eukaryota	Metazoa	Arthropoda	Hexapoda	Insecta	Pterygota	Neoptera		Diptera	Brachycera	Muscomorpha		Muscoidea	Muscidae	Muscinae	Stomoxyini		115		Schizophora
	Sepedon sphegea	Sepedon sphegea	OTT	species	Sepedon sphegea	100	521159	1226606	OTT	521159	Sepedon	162441	320954	sphegea	521159	1226606	Sepedon sphegea	ott3.1draft2	OTT	Eukaryota	Metazoa	Arthropoda	Hexapoda	Insecta	Pterygota	Neoptera		Diptera	Brachycera	Muscomorpha		Sciomyzoidea	Sciomyzidae				116		Schizophora
	Simulium spp	Simulium	OTT	genus	Simulium	80	20678	7191	OTT	20678	Simulium	20678					Simulium	ott3.1draft2	OTT	Eukaryota	Metazoa	Arthropoda	Hexapoda	Insecta	Pterygota	Neoptera		Diptera	Nematocera	Culicomorpha		Chironomoidea	Simuliidae	Simuliinae	Simuliini		117		
	Rhingia campestris	Rhingia campestris	OTT	species	Rhingia campestris	100	960639	226161	OTT	960639	Rhingia	652762	192449	campestris	960639	226161	Rhingia campestris	ott3.1draft2	OTT	Eukaryota	Metazoa	Arthropoda	Hexapoda	Insecta	Pterygota	Neoptera		Diptera	Brachycera	Muscomorpha		Syrphoidea	Syrphidae	Eristalinae	Rhingiini		118		Aschiza
	Tabanus macer	Tabanus macer	OTT	species	Tabanus macer	100	4451770		OTT	4451770	Tabanus	555816	7206	macer	4451770		Tabanus macer	ott3.1draft2	OTT	Eukaryota	Metazoa	Arthropoda	Hexapoda	Insecta	Pterygota	Neoptera		Diptera	Brachycera	Tabanomorpha		Tabanoidea	Tabanidae	Tabaninae	Tabanini		119		
	Tabanus rubidus	Tabanus rubidus	OTT	species	Tabanus rubidus	100	4451846	1525398	OTT	4451846	Tabanus	555816	7206	rubidus	4451846	1525398	Tabanus rubidus	ott3.1draft2	OTT	Eukaryota	Metazoa	Arthropoda	Hexapoda	Insecta	Pterygota	Neoptera		Diptera	Brachycera	Tabanomorpha		Tabanoidea	Tabanidae	Tabaninae	Tabanini		120		
	Cyzenis albicans	Cyzenis albicans	OTT	species	Cyzenis albicans	100	4387245	1891020	OTT	4387245	Cyzenis	4387240	1891019	albicans	4387245	1891020	Cyzenis albicans	ott3.1draft2	OTT	Eukaryota	Metazoa	Arthropoda	Hexapoda	Insecta	Pterygota	Neoptera		Diptera	Brachycera	Muscomorpha		Oestroidea	Tachinidae	Exoristinae	Goniini		121		Schizophora
	Voria ruralis	Voria ruralis	OTT	species	Voria ruralis	100	896635	569102	OTT	896635	Voria	896633	569101	ruralis	896635	569102	Voria ruralis	ott3.1draft2	OTT	Eukaryota	Metazoa	Arthropoda	Hexapoda	Insecta	Pterygota	Neoptera		Diptera	Brachycera	Muscomorpha		Oestroidea	Tachinidae	Dexiinae	Voriini		122		Schizophora
	Chaetorellia acrolophi	Chaetorellia acrolophi	OTT	species	Chaetorellia acrolophi	100	4403037		OTT	4403037	Chaetorellia	592276	474861	acrolophi	4403037		Chaetorellia acrolophi	ott3.1draft2	OTT	Eukaryota	Metazoa	Arthropoda	Hexapoda	Insecta	Pterygota	Neoptera		Diptera	Brachycera	Muscomorpha		Tephritoidea	Tephritidae	Tephritinae	Terelliini		123		Schizophora
	Terellia virens	Terellia virens	OTT	species	Terellia virens	100	1086979	582794	OTT	1086979	Terellia	700738	28615	virens	1086979	582794	Terellia virens	ott3.1draft2	OTT	Eukaryota	Metazoa	Arthropoda	Hexapoda	Insecta	Pterygota	Neoptera		Diptera	Brachycera	Muscomorpha		Tephritoidea	Tephritidae	Tephritinae	Terelliini		124	Terellia subgenus Terellia	Schizophora
	Erioptera lutea	Erioptera lutea	OTT	species	Erioptera lutea	100	4498613		OTT	4498613	Erioptera	278552	700840	lutea	4498613		Erioptera lutea	ott3.1draft2	OTT	Eukaryota	Metazoa	Arthropoda	Hexapoda	Insecta	Pterygota	Neoptera		Diptera	Nematocera	Tipulomorpha		Tipuloidea	Limoniidae	Eriopterinae			125		
	Tipula flavolineata	Tipula flavolineata	OTT	species	Tipula flavolineata	100	4511220		OTT	4511220	Tipula	990415	41043	flavolineata	4511220		Tipula flavolineata	ott3.1draft2	OTT	Eukaryota	Metazoa	Arthropoda	Hexapoda	Insecta	Pterygota	Neoptera		Diptera	Nematocera	Tipulomorpha		Tipuloidea	Tipulidae	Tipulinae			126		
	Rhagoletis juglandis	Rhagoletis juglandis	OTT	species	Rhagoletis juglandis	100	112314	43418	OTT	112314	Rhagoletis	1057208	28609	juglandis	112314	43418	Rhagoletis juglandis	ott3.1draft2	OTT	Eukaryota	Metazoa	Arthropoda	Hexapoda	Insecta	Pterygota	Neoptera		Diptera	Brachycera	Muscomorpha		Tephritoidea	Tephritidae	Trypetinae	Carpomyini	Carpomyina	127		Schizophora
	Monotylota ramburi	Embia	OTT	genus	Monotylota	71	275623	1080990	OTT	275623	Embia	275623					Embia	ott3.1draft2	OTT	Eukaryota	Metazoa	Arthropoda	Hexapoda	Insecta	Pterygota	Neoptera		Embioptera					Embiidae				128		
	Oligotoma nigra	Oligotoma nigra	OTT	species	Oligotoma nigra	100	158431	62801	OTT	158431	Oligotoma	893213	50659	nigra	158431	62801	Oligotoma nigra	ott3.1draft2	OTT	Eukaryota	Metazoa	Arthropoda	Hexapoda	Insecta	Pterygota	Neoptera		Embioptera					Oligotomidae				129		
	Baetis pumilus	Baetis	OTT	genus	Baetis	60	48989	189838	OTT	48989	Baetis	48989					Baetis	ott3.1draft2	OTT	Eukaryota	Metazoa	Arthropoda	Hexapoda	Insecta	Pterygota	Palaeoptera		Ephemeroptera	Pisciforma				Baetidae				130		
	Centroptilum luteolum	Centroptilum luteolum	OTT	species	Centroptilum luteolum	100	725596	197150	OTT	725596	Centroptilum	202170	197149	luteolum	725596	197150	Centroptilum luteolum	ott3.1draft2	OTT	Eukaryota	Metazoa	Arthropoda	Hexapoda	Insecta	Pterygota	Palaeoptera		Ephemeroptera	Pisciforma				Baetidae				131		
	Cloeon dipterum	Cloeon dipterum	OTT	species	Cloeon dipterum	100	725593	197152	OTT	725593	Cloeon	725595	197151	dipterum	725593	197152	Cloeon dipterum	ott3.1draft2	OTT	Eukaryota	Metazoa	Arthropoda	Hexapoda	Insecta	Pterygota	Palaeoptera		Ephemeroptera	Pisciforma				Baetidae				132		
	Cloeon simile	Cloeon simile	OTT	species	Cloeon simile	100	444565	329003	OTT	444565	Cloeon	725595	197151	simile	444565	329003	Cloeon simile	ott3.1draft2	OTT	Eukaryota	Metazoa	Arthropoda	Hexapoda	Insecta	Pterygota	Palaeoptera		Ephemeroptera	Pisciforma				Baetidae				133		
	Caenis horaria	Caenis horaria	OTT	species	Caenis horaria	100	939382	1279096	OTT	939382	Caenis	202184	197147	horaria	939382	1279096	Caenis horaria	ott3.1draft2	OTT	Eukaryota	Metazoa	Arthropoda	Hexapoda	Insecta	Pterygota	Palaeoptera		Ephemeroptera	Furcatergalia	Pannota		Caenoidea	Caenidae				134		
	Caenis moesta	Caenis luctuosa	OTT	species	Caenis moesta	100	202168	197148	OTT	202168	Caenis	202184	197147	luctuosa	202168	197148	Caenis luctuosa	ott3.1draft2	OTT	Eukaryota	Metazoa	Arthropoda	Hexapoda	Insecta	Pterygota	Palaeoptera		Ephemeroptera	Furcatergalia	Pannota		Caenoidea	Caenidae				135		
	Ephemerella ignita	Serratella ignita	OTT	species	Ephemerella ignita	100	417399	1077841	OTT	417399	Serratella	421477	604011	ignita	417399	1077841	Serratella ignita	ott3.1draft2	OTT	Eukaryota	Metazoa	Arthropoda	Hexapoda	Insecta	Pterygota	Palaeoptera		Ephemeroptera	Furcatergalia	Pannota		Ephemerelloidea	Ephemerellidae				136		
	Hexagenia limbata	Hexagenia limbata	OTT	species	Hexagenia limbata	100	37405	244977	OTT	37405	Hexagenia	725603	197159	limbata	37405	244977	Hexagenia limbata	ott3.1draft2	OTT	Eukaryota	Metazoa	Arthropoda	Hexapoda	Insecta	Pterygota	Palaeoptera		Ephemeroptera	Furcatergalia	Scapphodonta			Ephemeridae				137		
	Ecdyonurus fluminum	Ecdyonurus	OTT	genus	Ecdyonurus	69	391928	309576	OTT	391928	Ecdyonurus	391928					Ecdyonurus	ott3.1draft2	OTT	Eukaryota	Metazoa	Arthropoda	Hexapoda	Insecta	Pterygota	Palaeoptera		Ephemeroptera	Setisura				Heptageniidae				138		
	Ecdyonurus helviticus	Ecdyonurus helveticus	OTT	species	Ecdyonurus helveticus	95	3006323	1592918	OTT	3006323	Ecdyonurus	391928	309576	helveticus	3006323	1592918	Ecdyonurus helveticus	ott3.1draft2	OTT	Eukaryota	Metazoa	Arthropoda	Hexapoda	Insecta	Pterygota	Palaeoptera		Ephemeroptera	Setisura				Heptageniidae				139		
	Heptagenia lateralis	Heptagenia	OTT	genus	Heptagenia	67	796444	226220	OTT	796444	Heptagenia	796444					Heptagenia	ott3.1draft2	OTT	Eukaryota	Metazoa	Arthropoda	Hexapoda	Insecta	Pterygota	Palaeoptera		Ephemeroptera	Setisura				Heptageniidae				140		
	Habrophlebia modesta	Habrophlebia	OTT	genus	Habrophlebia	75	596794	551877	OTT	596794	Habrophlebia	596794					Habrophlebia	ott3.1draft2	OTT	Eukaryota	Metazoa	Arthropoda	Hexapoda	Insecta	Pterygota	Palaeoptera		Ephemeroptera	Furcatergalia	Lanceolata		Leptophlebioidea	Leptophlebiidae	Leptophlebiinae			141		
	Leptophlebia vespertina	Leptophlebia vespertina	OTT	species	Leptophlebia vespertina	100	596279	551855	OTT	596279	Leptophlebia	273132	219461	vespertina	596279	551855	Leptophlebia vespertina	ott3.1draft2	OTT	Eukaryota	Metazoa	Arthropoda	Hexapoda	Insecta	Pterygota	Palaeoptera		Ephemeroptera	Furcatergalia	Lanceolata		Leptophlebioidea	Leptophlebiidae	Leptophlebiinae			142		
	Ephoron virgo	Ephoron virgo	OTT	species	Ephoron virgo	100	5013959	1351856	OTT	5013959	Ephoron	1049456	248184	virgo	5013959	1351856	Ephoron virgo	ott3.1draft2	OTT	Eukaryota	Metazoa	Arthropoda	Hexapoda	Insecta	Pterygota	Palaeoptera		Ephemeroptera	Furcatergalia	Scapphodonta			Polymitarcyidae				143		
	Siphlonurus lacustris	Siphlonurus lacustris	OTT	species	Siphlonurus lacustris	100	976359	1240991	OTT	976359	Siphlonurus	851569	219336	lacustris	976359	1240991	Siphlonurus lacustris	ott3.1draft2	OTT	Eukaryota	Metazoa	Arthropoda	Hexapoda	Insecta	Pterygota	Palaeoptera		Ephemeroptera	Pisciforma				Siphlonuridae				144		
	Elasmostethus interstinctus	Elasmostethus interstinctus	OTT	species	Elasmostethus interstinctus	100	474058	1191083	OTT	474058	Elasmostethus	59172	237235	interstinctus	474058	1191083	Elasmostethus interstinctus	ott3.1draft2	OTT	Eukaryota	Metazoa	Arthropoda	Hexapoda	Insecta	Pterygota	Neoptera		Hemiptera	Heteroptera	Pentatomomorpha		Pentatomoidea	Acanthosomatidae				145		
	Elasmucha grisea	Elasmucha grisea	OTT	species	Elasmucha grisea	100	474096	1191084	OTT	474096	Elasmucha	560396	483943	grisea	474096	1191084	Elasmucha grisea	ott3.1draft2	OTT	Eukaryota	Metazoa	Arthropoda	Hexapoda	Insecta	Pterygota	Neoptera		Hemiptera	Heteroptera	Pentatomomorpha		Pentatomoidea	Acanthosomatidae				146		
	Elasmucha putoni	Elasmucha putoni	OTT	species	Elasmucha putoni	100	560389	483944	OTT	560389	Elasmucha	560396	483943	putoni	560389	483944	Elasmucha putoni	ott3.1draft2	OTT	Eukaryota	Metazoa	Arthropoda	Hexapoda	Insecta	Pterygota	Neoptera		Hemiptera	Heteroptera	Pentatomomorpha		Pentatomoidea	Acanthosomatidae				147		
	Elasmucha signoreti	Elasmucha signoreti	OTT	species	Elasmucha signoreti	100	560386	483946	OTT	560386	Elasmucha	560396	483943	signoreti	560386	483946	Elasmucha signoreti	ott3.1draft2	OTT	Eukaryota	Metazoa	Arthropoda	Hexapoda	Insecta	Pterygota	Neoptera		Hemiptera	Heteroptera	Pentatomomorpha		Pentatomoidea	Acanthosomatidae				148		
	Anthocoris confusus	Anthocoris confusus	OTT	species	Anthocoris confusus	100	548488	452385	OTT	548488	Anthocoris	595851	191223	confusus	548488	452385	Anthocoris confusus	ott3.1draft2	OTT	Eukaryota	Metazoa	Arthropoda	Hexapoda	Insecta	Pterygota	Neoptera		Hemiptera	Heteroptera	Cimicomorpha		Cimicoidea	Anthocoridae	Anthocorinae			149		
	Cimex lectularius	Cimex lectularius	OTT	species	Cimex lectularius	100	257326	79782	OTT	257326	Cimex	691092	30079	lectularius	257326	79782	Cimex lectularius	ott3.1draft2	OTT	Eukaryota	Metazoa	Arthropoda	Hexapoda	Insecta	Pterygota	Neoptera		Hemiptera	Heteroptera	Cimicomorpha		Cimicoidea	Cimicidae				150		
	Orius insidiosus	Orius insidiosus	OTT	species	Orius insidiosus	100	677974	83647	OTT	677974	Orius	25273	82741	insidiosus	677974	83647	Orius insidiosus	ott3.1draft2	OTT	Eukaryota	Metazoa	Arthropoda	Hexapoda	Insecta	Pterygota	Neoptera		Hemiptera	Heteroptera	Cimicomorpha		Cimicoidea	Anthocoridae	Anthocorinae			151		
	Orius tristicolor	Orius tristicolor	OTT	species	Orius tristicolor	100	179883	82750	OTT	179883	Orius	25273	82741	tristicolor	179883	82750	Orius tristicolor	ott3.1draft2	OTT	Eukaryota	Metazoa	Arthropoda	Hexapoda	Insecta	Pterygota	Neoptera		Hemiptera	Heteroptera	Cimicomorpha		Cimicoidea	Anthocoridae	Anthocorinae			152		
	Acinopterus angulatus	Acinopterus angulatus	OTT	species	Acinopterus angulatus	100	3457396		OTT	3457396	Acinopterus	1002485	139463	angulatus	3457396		Acinopterus angulatus	ott3.1draft2	OTT	Eukaryota	Metazoa	Arthropoda	Hexapoda	Insecta	Pterygota	Neoptera		Hemiptera	Auchenorrhyncha	Cicadomorpha		Membracoidea	Cicadellidae	Deltocephalinae			153		
	Geocoris punctipes	Geocoris punctipes	OTT	species	Geocoris punctipes	100	3470462	1468586	OTT	3470462	Geocoris	232680	236434	punctipes	3470462	1468586	Geocoris punctipes	ott3.1draft2	OTT	Eukaryota	Metazoa	Arthropoda	Hexapoda	Insecta	Pterygota	Neoptera		Hemiptera	Heteroptera	Pentatomomorpha		Lygaeoidea	Lygaeidae	Geocorinae			154		
	Nysius huttoni	Nysius huttoni	OTT	species	Nysius huttoni	100	3470698		OTT	3470698	Nysius	815616	236622	huttoni	3470698		Nysius huttoni	ott3.1draft2	OTT	Eukaryota	Metazoa	Arthropoda	Hexapoda	Insecta	Pterygota	Neoptera		Hemiptera	Heteroptera	Pentatomomorpha		Lygaeoidea	Lygaeidae	Orsillinae			155		
	Oncopeltus fasciatus	Oncopeltus fasciatus	OTT	species	Oncopeltus fasciatus	100	185613	7536	OTT	185613	Oncopeltus	30414	7535	fasciatus	185613	7536	Oncopeltus fasciatus	ott3.1draft2	OTT	Eukaryota	Metazoa	Arthropoda	Hexapoda	Insecta	Pterygota	Neoptera		Hemiptera	Heteroptera	Pentatomomorpha		Lygaeoidea	Lygaeidae	Lygaeinae			156		
	Publilia concava	Publilia concava	OTT	species	Publilia concava	100	266176	54644	OTT	266176	Publilia	213964	54643	concava	266176	54644	Publilia concava	ott3.1draft2	OTT	Eukaryota	Metazoa	Arthropoda	Hexapoda	Insecta	Pterygota	Neoptera		Hemiptera	Auchenorrhyncha	Cicadomorpha		Membracoidea	Membracidae				157		
	Thalia bimaculata	Thelia bimaculata	OTT	species	Thelia bimaculata	94	60370	54622	OTT	60370	Thelia	60369	54621	bimaculata	60370	54622	Thelia bimaculata	ott3.1draft2	OTT	Eukaryota	Metazoa	Arthropoda	Hexapoda	Insecta	Pterygota	Neoptera		Hemiptera	Auchenorrhyncha	Cicadomorpha		Membracoidea	Membracidae				158		
	Umbonia crassicornis	Umbonia crassicornis	OTT	species	Umbonia crassicornis	100	788548	54658	OTT	788548	Umbonia	788541	54657	crassicornis	788548	54658	Umbonia crassicornis	ott3.1draft2	OTT	Eukaryota	Metazoa	Arthropoda	Hexapoda	Insecta	Pterygota	Neoptera		Hemiptera	Auchenorrhyncha	Cicadomorpha		Membracoidea	Membracidae				159		
	Deraeocoris nebulosus	Deraeocoris nebulosus	OTT	species	Deraeocoris nebulosus	100	3477704	1656427	OTT	3477704	Deraeocoris	679161	191323	nebulosus	3477704	1656427	Deraeocoris nebulosus	ott3.1draft2	OTT	Eukaryota	Metazoa	Arthropoda	Hexapoda	Insecta	Pterygota	Neoptera		Hemiptera	Heteroptera	Cimicomorpha		Cimicoidea	Miridae	Deraeocorinae	Deraeocorini		160		
	Psallus ambiguus	Psallus ambiguus	OTT	species	Psallus ambiguus	100	3477000	1545226	OTT	3477000	Psallus	625173	567997	ambiguus	3477000	1545226	Psallus ambiguus	ott3.1draft2	OTT	Eukaryota	Metazoa	Arthropoda	Hexapoda	Insecta	Pterygota	Neoptera		Hemiptera	Heteroptera	Cimicomorpha		Cimicoidea	Miridae	Phylinae	Phylini		161		
	Nezara viridula	Nezara viridula	OTT	species	Nezara viridula	100	1025408	85310	OTT	1025408	Nezara	813941	85309	viridula	1025408	85310	Nezara viridula	ott3.1draft2	OTT	Eukaryota	Metazoa	Arthropoda	Hexapoda	Insecta	Pterygota	Neoptera		Hemiptera	Heteroptera	Pentatomomorpha		Pentatomoidea	Pentatomidae	Pentatominae			162		
	Podisus maculiventris	Podisus maculiventris	OTT	species	Podisus maculiventris	100	431238	29025	OTT	431238	Podisus	227058	29024	maculiventris	431238	29025	Podisus maculiventris	ott3.1draft2	OTT	Eukaryota	Metazoa	Arthropoda	Hexapoda	Insecta	Pterygota	Neoptera		Hemiptera	Heteroptera	Pentatomomorpha		Pentatomoidea	Pentatomidae	Asopinae			163		
	Endochus inornatus	Endochus	OTT	genus	Endochus	62	4194320	1276408	OTT	4194320	Endochus	4194320					Endochus	ott3.1draft2	OTT	Eukaryota	Metazoa	Arthropoda	Hexapoda	Insecta	Pterygota	Neoptera		Hemiptera	Heteroptera	Cimicomorpha		Reduvioidea	Reduviidae	Harpactorinae	Harpactorini		164		
	Irantha armipes	Irantha armipes	OTT	species	Irantha armipes	100	5860207	1690259	OTT	5860207	Irantha	4227174	1276444	armipes	5860207	1690259	Irantha armipes	ott3.1draft2	OTT	Eukaryota	Metazoa	Arthropoda	Hexapoda	Insecta	Pterygota	Neoptera		Hemiptera	Heteroptera	Cimicomorpha		Reduvioidea	Reduviidae	Harpactorinae	Harpactorini		165		
	Panstrongylus geniculatus	Panstrongylus geniculatus	OTT	species	Panstrongylus geniculatus	100	673123	156442	OTT	673123	Panstrongylus	510885	65342	geniculatus	673123	156442	Panstrongylus geniculatus	ott3.1draft2	OTT	Eukaryota	Metazoa	Arthropoda	Hexapoda	Insecta	Pterygota	Neoptera		Hemiptera	Heteroptera	Cimicomorpha		Reduvioidea	Reduviidae	Triatominae			166		
	Rhinocoris fuscipes	Rhynocoris	OTT	genus	Rhinocoris	69	472179	488299	OTT	472179	Rhynocoris	472179					Rhynocoris	ott3.1draft2	OTT	Eukaryota	Metazoa	Arthropoda	Hexapoda	Insecta	Pterygota	Neoptera		Hemiptera	Heteroptera	Cimicomorpha		Reduvioidea	Reduviidae	Harpactorinae	Harpactorini		167		
	Rhinocoris marginatus	Rhynocoris	OTT	genus	Rhinocoris	65	472179	488299	OTT	472179	Rhynocoris	472179					Rhynocoris	ott3.1draft2	OTT	Eukaryota	Metazoa	Arthropoda	Hexapoda	Insecta	Pterygota	Neoptera		Hemiptera	Heteroptera	Cimicomorpha		Reduvioidea	Reduviidae	Harpactorinae	Harpactorini		168		
	Rhodnius neivai	Rhodnius neivai	OTT	species	Rhodnius neivai	100	514214	162362	OTT	514214	Rhodnius	958470	13248	neivai	514214	162362	Rhodnius neivai	ott3.1draft2	OTT	Eukaryota	Metazoa	Arthropoda	Hexapoda	Insecta	Pterygota	Neoptera		Hemiptera	Heteroptera	Cimicomorpha		Reduvioidea	Reduviidae	Triatominae			169		
	Sphedanolestes signatus	Sphedanolestes	OTT	genus	Sphedanolestes	76	804807	204545	OTT	804807	Sphedanolestes	804807					Sphedanolestes	ott3.1draft2	OTT	Eukaryota	Metazoa	Arthropoda	Hexapoda	Insecta	Pterygota	Neoptera		Hemiptera	Heteroptera	Cimicomorpha		Reduvioidea	Reduviidae	Harpactorinae	Harpactorini		170		
	Sycanus collaris	Sycanus	OTT	genus	Sycanus	61	498100	204548	OTT	498100	Sycanus	498100					Sycanus	ott3.1draft2	OTT	Eukaryota	Metazoa	Arthropoda	Hexapoda	Insecta	Pterygota	Neoptera		Hemiptera	Heteroptera	Cimicomorpha		Reduvioidea	Reduviidae	Harpactorinae	Harpactorini		171		
	Triatoma infestans	Triatoma infestans	OTT	species	Triatoma infestans	100	845586	30076	OTT	845586	Triatoma	691078	30075	infestans	845586	30076	Triatoma infestans	ott3.1draft2	OTT	Eukaryota	Metazoa	Arthropoda	Hexapoda	Insecta	Pterygota	Neoptera		Hemiptera	Heteroptera	Cimicomorpha		Reduvioidea	Reduviidae	Triatominae			172		
	Triatoma maculata	Triatoma maculata	OTT	species	Triatoma maculata	100	669632	162380	OTT	669632	Triatoma	691078	30075	maculata	669632	162380	Triatoma maculata	ott3.1draft2	OTT	Eukaryota	Metazoa	Arthropoda	Hexapoda	Insecta	Pterygota	Neoptera		Hemiptera	Heteroptera	Cimicomorpha		Reduvioidea	Reduviidae	Triatominae			173		
	Triatoma pallidipennis	Meccus pallidipennis	OTT	species	Triatoma pallidipennis	100	691076	30077	OTT	691076	Meccus	5970063	1432680	pallidipennis	691076	30077	Meccus pallidipennis	ott3.1draft2	OTT	Eukaryota	Metazoa	Arthropoda	Hexapoda	Insecta	Pterygota	Neoptera		Hemiptera	Heteroptera	Cimicomorpha		Reduvioidea	Reduviidae	Triatominae			174		
	Pachycoris klugii	Pachycoris	OTT	genus	Pachycoris	74	3472187	1567163	OTT	3472187	Pachycoris	3472187					Pachycoris	ott3.1draft2	OTT	Eukaryota	Metazoa	Arthropoda	Hexapoda	Insecta	Pterygota	Neoptera		Hemiptera	Heteroptera	Pentatomomorpha		Pentatomoidea	Scutelleridae	Pachycorinae			175		
	Corythucha ciliata	Corythucha ciliata	OTT	species	Corythucha ciliata	100	116193	369451	OTT	116193	Corythucha	865662	237168	ciliata	116193	369451	Corythucha ciliata	ott3.1draft2	OTT	Eukaryota	Metazoa	Arthropoda	Hexapoda	Insecta	Pterygota	Neoptera		Hemiptera	Heteroptera	Cimicomorpha		Tingoidea	Tingidae				176		
	Corythucha marmorata	Corythucha marmorata	OTT	species	Corythucha marmorata	100	302293	621227	OTT	302293	Corythucha	865662	237168	marmorata	302293	621227	Corythucha marmorata	ott3.1draft2	OTT	Eukaryota	Metazoa	Arthropoda	Hexapoda	Insecta	Pterygota	Neoptera		Hemiptera	Heteroptera	Cimicomorpha		Tingoidea	Tingidae				177		
	Corythucha pruni	Corythucha pruni	OTT	species	Corythucha pruni	100	3478960		OTT	3478960	Corythucha	865662	237168	pruni	3478960		Corythucha pruni	ott3.1draft2	OTT	Eukaryota	Metazoa	Arthropoda	Hexapoda	Insecta	Pterygota	Neoptera		Hemiptera	Heteroptera	Cimicomorpha		Tingoidea	Tingidae				178		
	Gargaphia solani	Gargaphia solani	OTT	species	Gargaphia solani	100	3479043	1400070	OTT	3479043	Gargaphia	517806	881551	solani	3479043	1400070	Gargaphia solani	ott3.1draft2	OTT	Eukaryota	Metazoa	Arthropoda	Hexapoda	Insecta	Pterygota	Neoptera		Hemiptera	Heteroptera	Cimicomorpha		Tingoidea	Tingidae				179		
	Urentius echinus	Urentius	OTT	genus	Urentius	67	3479103	1400120	OTT	3479103	Urentius	3479103					Urentius	ott3.1draft2	OTT	Eukaryota	Metazoa	Arthropoda	Hexapoda	Insecta	Pterygota	Neoptera		Hemiptera	Heteroptera	Cimicomorpha		Tingoidea	Tingidae				180		
	Encarsia inaron	Encarsia inaron	OTT	species	Encarsia inaron	100	728640	121801	OTT	728640	Encarsia	219680	32399	inaron	728640	121801	Encarsia inaron	ott3.1draft2	OTT	Eukaryota	Metazoa	Arthropoda	Hexapoda	Insecta	Pterygota	Neoptera		Hymenoptera	Apocrita	Parasitoida		Chalcidoidea	Aphelinidae	Coccophaginae			181		
no_taxonomy	Dielocerus diasi	Dielocerus diasi			Dielocerus diasi	100			GN_datasourceid_168	168	Dielocerus			diasi				ott3.1draft2																			182		
no_taxonomy	Digelasinus diversipes	Digelasinus diversipes			Digelasinus diversipes	100			GN_datasourceid_168	168	Digelasinus			diversipes				ott3.1draft2																			183		
no_taxonomy	Thermos olfersii	Themos olfersii			Themos olfersii	97			GN_datasourceid_168	168	Themos			olfersii				ott3.1draft2																			184		
	Pristocera rufa	Pristocera	OTT	genus	Pristocera	80	635760	411719	OTT	635760	Pristocera	635760					Pristocera	ott3.1draft2	OTT	Eukaryota	Metazoa	Arthropoda	Hexapoda	Insecta	Pterygota	Neoptera		Hymenoptera	Apocrita	Aculeata		Chrysidoidea	Bethylidae	Pristocerinae			185		
	Apanteles melanoscelus	Apanteles	OTT	genus	Apanteles	58	678078	7403	OTT	678078	Apanteles	678078					Apanteles	ott3.1draft2	OTT	Eukaryota	Metazoa	Arthropoda	Hexapoda	Insecta	Pterygota	Neoptera		Hymenoptera	Apocrita	Parasitoida		Ichneumonoidea	Braconidae	Microgastrinae			186		
no_name	Apharaeta genevensis																	ott3.1draft2																			187		
	Cotesia glomerata	Cotesia glomerata	OTT	species	Cotesia glomerata	100	553562	32391	OTT	553562	Cotesia	553561	32390	glomerata	553562	32391	Cotesia glomerata	ott3.1draft2	OTT	Eukaryota	Metazoa	Arthropoda	Hexapoda	Insecta	Pterygota	Neoptera		Hymenoptera	Apocrita	Parasitoida		Ichneumonoidea	Braconidae	Microgastrinae			188		
	Pholetesor ornigis	Pholetesor ornigis	OTT	species	Pholetesor ornigis	100	395245	92986	OTT	395245	Pholetesor	625124	51534	ornigis	395245	92986	Pholetesor ornigis	ott3.1draft2	OTT	Eukaryota	Metazoa	Arthropoda	Hexapoda	Insecta	Pterygota	Neoptera		Hymenoptera	Apocrita	Parasitoida		Ichneumonoidea	Braconidae	Microgastrinae			189		
	Diplolepis rosae	Diplolepis rosae	OTT	species	Diplolepis rosae	100	340420	73405	OTT	340420	Diplolepis	241311	73404	rosae	340420	73405	Diplolepis rosae	ott3.1draft2	OTT	Eukaryota	Metazoa	Arthropoda	Hexapoda	Insecta	Pterygota	Neoptera		Hymenoptera	Apocrita	Parasitoida		Cynipoidea	Cynipidae	Cynipinae	Diplolepidini		190		
	Periclistus brandtii	Periclistus brandtii	OTT	species	Periclistus brandtii	100	448596	1518030	OTT	448596	Periclistus	448597	167033	brandtii	448596	1518030	Periclistus brandtii	ott3.1draft2	OTT	Eukaryota	Metazoa	Arthropoda	Hexapoda	Insecta	Pterygota	Neoptera		Hymenoptera	Apocrita	Parasitoida		Cynipoidea	Cynipidae	Cynipinae	Synergini		191		
	Synergus albipes	Synergus pallipes	OTT	species	Synergus albipes	100	6284821		OTT	6284821	Synergus	448603	167038	pallipes	6284821		Synergus pallipes	ott3.1draft2	OTT	Eukaryota	Metazoa	Arthropoda	Hexapoda	Insecta	Pterygota	Neoptera		Hymenoptera	Apocrita	Parasitoida		Cynipoidea	Cynipidae	Cynipinae	Synergini		192		
	Xestophanes potentillae	Xestophanes potentillae	OTT	species	Xestophanes potentillae	100	693756	244884	OTT	693756	Xestophanes	638612	162263	potentillae	693756	244884	Xestophanes potentillae	ott3.1draft2	OTT	Eukaryota	Metazoa	Arthropoda	Hexapoda	Insecta	Pterygota	Neoptera		Hymenoptera	Apocrita	Parasitoida		Cynipoidea	Cynipidae	Cynipinae	Aylacini		193		
	Anacharis immunis	Anacharis immunis	OTT	species	Anacharis immunis	100	6284845		OTT	6284845	Anacharis	365541	44354	immunis	6284845		Anacharis immunis	ott3.1draft2	OTT	Eukaryota	Metazoa	Arthropoda	Hexapoda	Insecta	Pterygota	Neoptera		Hymenoptera	Apocrita	Parasitoida		Cynipoidea	Figitidae	Anacharitinae			194		
	Callaspidia sp	Callaspidia	OTT	genus	Callaspidia	88	640513	303496	OTT	640513	Callaspidia	640513					Callaspidia	ott3.1draft2	OTT	Eukaryota	Metazoa	Arthropoda	Hexapoda	Insecta	Pterygota	Neoptera		Hymenoptera	Apocrita	Parasitoida		Cynipoidea	Figitidae	Aspicerinae			195		
	Figites sp	Figites	OTT	genus	Figites	82	442383	303547	OTT	442383	Figites	442383					Figites	ott3.1draft2	OTT	Eukaryota	Metazoa	Arthropoda	Hexapoda	Insecta	Pterygota	Neoptera		Hymenoptera	Apocrita	Parasitoida		Cynipoidea	Figitidae	Figitinae			196		
	Phaenoglyphis viliosa	Phaenoglyphis villosa	OTT	species	Phaenoglyphis villosa	95	4540631	1345142	OTT	4540631	Phaenoglyphis	4540629	1345141	villosa	4540631	1345142	Phaenoglyphis villosa	ott3.1draft2	OTT	Eukaryota	Metazoa	Arthropoda	Hexapoda	Insecta	Pterygota	Neoptera		Hymenoptera	Apocrita	Parasitoida		Cynipoidea	Figitidae	Charipinae	Alloxystini		197		
	Angitia fenestralis	Angitia	OTT	genus	Angitia	54	4249961		OTT	4249961	Angitia	4249961					Angitia	ott3.1draft2	OTT	Eukaryota	Metazoa	Arthropoda	Hexapoda	Insecta	Pterygota	Neoptera	Amphiesmenoptera	Lepidoptera	Glossata	Neolepidoptera	Heteroneura	Noctuoidea	Noctuidae				198		
	Aptesis nigrocincta	Aptesis nigrocincta	OTT	species	Aptesis nigrocincta	100	915237	172375	OTT	915237	Aptesis	915236	172374	nigrocincta	915237	172375	Aptesis nigrocincta	ott3.1draft2	OTT	Eukaryota	Metazoa	Arthropoda	Hexapoda	Insecta	Pterygota	Neoptera		Hymenoptera	Apocrita	Parasitoida		Ichneumonoidea	Ichneumonidae	Cryptinae	Hemigastrini		199		
	Bathyplectes curculionis	Bathyplectes curculionis	OTT	species	Bathyplectes curculionis	100	882233	288158	OTT	882233	Bathyplectes	893931	288157	curculionis	882233	288158	Bathyplectes curculionis	ott3.1draft2	OTT	Eukaryota	Metazoa	Arthropoda	Hexapoda	Insecta	Pterygota	Neoptera		Hymenoptera	Apocrita	Parasitoida		Ichneumonoidea	Ichneumonidae	Campopleginae			200		
	Campoplex haywardi	Campoplex haywardi	OTT	species	Campoplex haywardi	100	3288953		OTT	3288953	Campoplex	2718	95272	haywardi	3288953		Campoplex haywardi	ott3.1draft2	OTT	Eukaryota	Metazoa	Arthropoda	Hexapoda	Insecta	Pterygota	Neoptera		Hymenoptera	Apocrita	Parasitoida		Ichneumonoidea	Ichneumonidae	Campopleginae			201		
	Diadegma insulare	Diadegma insulare	OTT	species	Diadegma insulare	100	372290	310391	OTT	372290	Diadegma	1080364	144305	insulare	372290	310391	Diadegma insulare	ott3.1draft2	OTT	Eukaryota	Metazoa	Arthropoda	Hexapoda	Insecta	Pterygota	Neoptera		Hymenoptera	Apocrita	Parasitoida		Ichneumonoidea	Ichneumonidae	Campopleginae			202		
	Anaphes flavipes	Anaphes flavipes	OTT	species	Anaphes flavipes	100	3301983		OTT	3301983	Anaphes	303878	279596	flavipes	3301983		Anaphes flavipes	ott3.1draft2	OTT	Eukaryota	Metazoa	Arthropoda	Hexapoda	Insecta	Pterygota	Neoptera		Hymenoptera	Apocrita	Parasitoida		Chalcidoidea	Mymaridae				203		
	Cephalcia fuscipennis	Cephalia fascipennis	OTT	species	Cephalia fascipennis	93	4409256		OTT	4409256	Cephalia	4409253		fascipennis	4409256		Cephalia fascipennis	ott3.1draft2	OTT	Eukaryota	Metazoa	Arthropoda	Hexapoda	Insecta	Pterygota	Neoptera		Diptera	Brachycera	Muscomorpha		Tephritoidea	Ulidiidae				204		Schizophora
	Cephalcia isshikii	Cephalcia	OTT	genus	Cephalcia	67	2724	95275	OTT	2724	Cephalcia	2724					Cephalcia	ott3.1draft2	OTT	Eukaryota	Metazoa	Arthropoda	Hexapoda	Insecta	Pterygota	Neoptera		Hymenoptera				Pamphilioidea	Pamphiliidae	Cephalciinae			205		
	Sceliphron assimile	Sceliphron assimile	OTT	species	Sceliphron assimile	100	3276753		OTT	3276753	Sceliphron	615078	161220	assimile	3276753		Sceliphron assimile	ott3.1draft2	OTT	Eukaryota	Metazoa	Arthropoda	Hexapoda	Insecta	Pterygota	Neoptera		Hymenoptera	Apocrita	Aculeata		Apoidea	Sphecidae	Sphecinae	Sceliphrini	Sceliphrina	206		
	Sceliphron laetum	Sceliphron laetum	OTT	species	Sceliphron laetum	100	662494	998447	OTT	662494	Sceliphron	615078	161220	laetum	662494	998447	Sceliphron laetum	ott3.1draft2	OTT	Eukaryota	Metazoa	Arthropoda	Hexapoda	Insecta	Pterygota	Neoptera		Hymenoptera	Apocrita	Aculeata		Apoidea	Sphecidae	Sphecinae	Sceliphrini	Sceliphrina	207		
	Trypoxylon palliditarse	Trypoxylon cameronii	OTT	species	Trypoxylon palliditarse	100	6277261		OTT	6277261	Trypoxylon	202808	421378	cameronii	6277261		Trypoxylon cameronii	ott3.1draft2	OTT	Eukaryota	Metazoa	Arthropoda	Hexapoda	Insecta	Pterygota	Neoptera		Hymenoptera	Apocrita	Aculeata		Apoidea	Crabronidae	Crabroninae	Trypoxylini		208		
	Athalia rosae	Athalia rosae	OTT	species	Athalia rosae	100	106278	37344	OTT	106278	Athalia	106277	37343	rosae	106278	37344	Athalia rosae	ott3.1draft2	OTT	Eukaryota	Metazoa	Arthropoda	Hexapoda	Insecta	Pterygota	Neoptera		Hymenoptera				Tenthredinoidea	Tenthredinidae	Allantinae			209		
	Hoplocampa crataegi	Hoplocampa crataegi	OTT	species	Hoplocampa crataegi	100	3245148	1384886	OTT	3245148	Hoplocampa	609749	362141	crataegi	3245148	1384886	Hoplocampa crataegi	ott3.1draft2	OTT	Eukaryota	Metazoa	Arthropoda	Hexapoda	Insecta	Pterygota	Neoptera		Hymenoptera				Tenthredinoidea	Tenthredinidae	Hoplocampinae			210		
	Trichiocampus viminalis	Trichiocampus viminalis	OTT	species	Trichiocampus viminalis	100	6288198		OTT	6288198	Trichiocampus	582888	362194	viminalis	6288198		Trichiocampus viminalis	ott3.1draft2	OTT	Eukaryota	Metazoa	Arthropoda	Hexapoda	Insecta	Pterygota	Neoptera		Hymenoptera				Tenthredinoidea	Tenthredinidae	Nematinae			211		
	Tiphia popilliavora	Tiphia popilliavora	OTT	species	Tiphia popilliavora	100	3250856		OTT	3250856	Tiphia	124530	219389	popilliavora	3250856		Tiphia popilliavora	ott3.1draft2	OTT	Eukaryota	Metazoa	Arthropoda	Hexapoda	Insecta	Pterygota	Neoptera		Hymenoptera	Apocrita	Aculeata		Tiphioidea	Tiphiidae	Tiphiinae			212		
	Trichogramma cacoeciae	Trichogramma cacaeciae	OTT	species	Trichogramma cacoeciae	100	1003031	1667566	OTT	1003031	Trichogramma	1048704	7490	cacaeciae	1003031	1667566	Trichogramma cacaeciae	ott3.1draft2	OTT	Eukaryota	Metazoa	Arthropoda	Hexapoda	Insecta	Pterygota	Neoptera		Hymenoptera	Apocrita	Parasitoida		Chalcidoidea	Trichogrammatidae				213		
	Trichogramma embryophagum	Trichogramma embryophagum	OTT	species	Trichogramma embryophagum	100	663172	182213	OTT	663172	Trichogramma	1048704	7490	embryophagum	663172	182213	Trichogramma embryophagum	ott3.1draft2	OTT	Eukaryota	Metazoa	Arthropoda	Hexapoda	Insecta	Pterygota	Neoptera		Hymenoptera	Apocrita	Parasitoida		Chalcidoidea	Trichogrammatidae				214		
	Trichogramma evanescens	Trichogramma evanescens	OTT	species	Trichogramma evanescens	100	714806	72267	OTT	714806	Trichogramma	1048704	7490	evanescens	714806	72267	Trichogramma evanescens	ott3.1draft2	OTT	Eukaryota	Metazoa	Arthropoda	Hexapoda	Insecta	Pterygota	Neoptera		Hymenoptera	Apocrita	Parasitoida		Chalcidoidea	Trichogrammatidae				215		
	Trichogramma minutum	Trichogramma minutum	OTT	species	Trichogramma minutum	100	232600	43066	OTT	232600	Trichogramma	1048704	7490	minutum	232600	43066	Trichogramma minutum	ott3.1draft2	OTT	Eukaryota	Metazoa	Arthropoda	Hexapoda	Insecta	Pterygota	Neoptera		Hymenoptera	Apocrita	Parasitoida		Chalcidoidea	Trichogrammatidae				216		
	Trichogramma ostriniae	Trichogramma ostriniae	OTT	species	Trichogramma ostriniae	100	143459	99200	OTT	143459	Trichogramma	1048704	7490	ostriniae	143459	99200	Trichogramma ostriniae	ott3.1draft2	OTT	Eukaryota	Metazoa	Arthropoda	Hexapoda	Insecta	Pterygota	Neoptera		Hymenoptera	Apocrita	Parasitoida		Chalcidoidea	Trichogrammatidae				217		
	Trichogramma semblidis	Trichogramma semblidis	OTT	species	Trichogramma semblidis	100	865408	515157	OTT	865408	Trichogramma	1048704	7490	semblidis	865408	515157	Trichogramma semblidis	ott3.1draft2	OTT	Eukaryota	Metazoa	Arthropoda	Hexapoda	Insecta	Pterygota	Neoptera		Hymenoptera	Apocrita	Parasitoida		Chalcidoidea	Trichogrammatidae				218		
	Eteobalea intermediella	Eteobalea intermediella	OTT	species	Eteobalea intermediella	100	469837	248750	OTT	469837	Eteobalea	692421	248748	intermediella	469837	248750	Eteobalea intermediella	ott3.1draft2	OTT	Eukaryota	Metazoa	Arthropoda	Hexapoda	Insecta	Pterygota	Neoptera	Amphiesmenoptera	Lepidoptera	Glossata	Neolepidoptera	Heteroneura	Gelechioidea	Cosmopterigidae	Cosmopteriginae			219		
	Eteobalea serratella	Eteobalea serratella	OTT	species	Eteobalea serratella	100	692415	248749	OTT	692415	Eteobalea	692421	248748	serratella	692415	248749	Eteobalea serratella	ott3.1draft2	OTT	Eukaryota	Metazoa	Arthropoda	Hexapoda	Insecta	Pterygota	Neoptera	Amphiesmenoptera	Lepidoptera	Glossata	Neolepidoptera	Heteroneura	Gelechioidea	Cosmopterigidae	Cosmopteriginae			220		
	Cossus cossus	Cossus cossus	OTT	species	Cossus cossus	100	528937	753294	OTT	528937	Cossus	528942	753293	cossus	528937	753294	Cossus cossus	ott3.1draft2	OTT	Eukaryota	Metazoa	Arthropoda	Hexapoda	Insecta	Pterygota	Neoptera	Amphiesmenoptera	Lepidoptera	Glossata	Neolepidoptera	Heteroneura	Cossoidea	Cossidae	Cossulinae			221		
	Zeuzera pyrina	Zeuzera pyrina	OTT	species	Zeuzera pyrina	100	645924	1101072	OTT	645924	Zeuzera	118664	655084	pyrina	645924	1101072	Zeuzera pyrina	ott3.1draft2	OTT	Eukaryota	Metazoa	Arthropoda	Hexapoda	Insecta	Pterygota	Neoptera	Amphiesmenoptera	Lepidoptera	Glossata	Neolepidoptera	Heteroneura	Cossoidea	Cossidae	Zeuzerinae			222		
	Metzneria paucipunctella	Metzneria paucipunctella	OTT	species	Metzneria paucipunctella	100	3224760	1888587	OTT	3224760	Metzneria	879113	687106	paucipunctella	3224760	1888587	Metzneria paucipunctella	ott3.1draft2	OTT	Eukaryota	Metazoa	Arthropoda	Hexapoda	Insecta	Pterygota	Neoptera	Amphiesmenoptera	Lepidoptera	Glossata	Neolepidoptera	Heteroneura	Gelechioidea	Gelechiidae	Anomologinae			223		
	Chiasmia clathrata	Chiasmia clathrata	OTT	species	Chiasmia clathrata	100	264934	722671	OTT	264934	Chiasmia	508668	281823	clathrata	264934	722671	Chiasmia clathrata	ott3.1draft2	OTT	Eukaryota	Metazoa	Arthropoda	Hexapoda	Insecta	Pterygota	Neoptera	Amphiesmenoptera	Lepidoptera	Glossata	Neolepidoptera	Heteroneura	Geometroidea	Geometridae	Ennominae			224		
no_taxonomy	Lithocolletis blancardella	Lithocolletis blancardella			Lithocolletis blancardella	100			GN_datasourceid_168	168	Lithocolletis			blancardella				ott3.1draft2																			225		
	Hepialus humuli	Hepialus humuli	OTT	species	Hepialus humuli	100	296767	470875	OTT	296767	Hepialus	797373	92010	humuli	296767	470875	Hepialus humuli	ott3.1draft2	OTT	Eukaryota	Metazoa	Arthropoda	Hexapoda	Insecta	Pterygota	Neoptera	Amphiesmenoptera	Lepidoptera	Glossata	Neolepidoptera	Exoporia	Hepialoidea	Hepialidae				226		
	Malacosoma disstria	Malacosoma disstria	OTT	species	Malacosoma disstria	100	184407	40071	OTT	184407	Malacosoma	440267	7097	disstria	184407	40071	Malacosoma disstria	ott3.1draft2	OTT	Eukaryota	Metazoa	Arthropoda	Hexapoda	Insecta	Pterygota	Neoptera	Amphiesmenoptera	Lepidoptera	Glossata	Neolepidoptera	Heteroneura	Bombycoidea	Lasiocampidae	Lasiocampinae			227		
	Euproctis chrysorrhoea	Euproctis chrysorrhoea	OTT	species	Euproctis chrysorrhoea	100	785818	987934	OTT	785818	Euproctis	19585	319798	chrysorrhoea	785818	987934	Euproctis chrysorrhoea	ott3.1draft2	OTT	Eukaryota	Metazoa	Arthropoda	Hexapoda	Insecta	Pterygota	Neoptera	Amphiesmenoptera	Lepidoptera	Glossata	Neolepidoptera	Heteroneura	Noctuoidea	Lymantriidae				228		
	Lymantria dispar	Lymantria dispar	OTT	species	Lymantria dispar	100	886835	13123	OTT	886835	Lymantria	886833	13122	dispar	886835	13123	Lymantria dispar	ott3.1draft2	OTT	Eukaryota	Metazoa	Arthropoda	Hexapoda	Insecta	Pterygota	Neoptera	Amphiesmenoptera	Lepidoptera	Glossata	Neolepidoptera	Heteroneura	Noctuoidea	Lymantriidae				229		
	Stilpnotia salicis	Leucoma salicis	OTT	species	Stilpnotia salicis	100	113154	688415	OTT	113154	Leucoma	671607	688414	salicis	113154	688415	Leucoma salicis	ott3.1draft2	OTT	Eukaryota	Metazoa	Arthropoda	Hexapoda	Insecta	Pterygota	Neoptera	Amphiesmenoptera	Lepidoptera	Glossata	Neolepidoptera	Heteroneura	Noctuoidea	Lymantriidae				230		
	Agrotis segetum	Agrotis segetum	OTT	species	Agrotis segetum	100	12008	47767	OTT	12008	Agrotis	12011	47766	segetum	12008	47767	Agrotis segetum	ott3.1draft2	OTT	Eukaryota	Metazoa	Arthropoda	Hexapoda	Insecta	Pterygota	Neoptera	Amphiesmenoptera	Lepidoptera	Glossata	Neolepidoptera	Heteroneura	Noctuoidea	Noctuidae	Noctuinae	Noctuini		231		
	Calophasia lunula	Calophasia lunula	OTT	species	Calophasia lunula	100	1029952	214073	OTT	1029952	Calophasia	1029951	214072	lunula	1029952	214073	Calophasia lunula	ott3.1draft2	OTT	Eukaryota	Metazoa	Arthropoda	Hexapoda	Insecta	Pterygota	Neoptera	Amphiesmenoptera	Lepidoptera	Glossata	Neolepidoptera	Heteroneura	Noctuoidea	Noctuidae	Oncocnemidinae			232		
	Heliothis armigera	Helicoverpa armigera	OTT	species	Heliothis armigera	100	1058341	29058	OTT	1058341	Helicoverpa	167934	7112	armigera	1058341	29058	Helicoverpa armigera	ott3.1draft2	OTT	Eukaryota	Metazoa	Arthropoda	Hexapoda	Insecta	Pterygota	Neoptera	Amphiesmenoptera	Lepidoptera	Glossata	Neolepidoptera	Heteroneura	Noctuoidea	Noctuidae	Heliothinae			233		
	Heliothis zea	Helicoverpa zea	OTT	species	Heliothis zea	100	167928	7113	OTT	167928	Helicoverpa	167934	7112	zea	167928	7113	Helicoverpa zea	ott3.1draft2	OTT	Eukaryota	Metazoa	Arthropoda	Hexapoda	Insecta	Pterygota	Neoptera	Amphiesmenoptera	Lepidoptera	Glossata	Neolepidoptera	Heteroneura	Noctuoidea	Noctuidae	Heliothinae			234		
	Trichoplusia ni	Trichoplusia ni	OTT	species	Trichoplusia ni	100	167935	7111	OTT	167935	Trichoplusia	167938	7110	ni	167935	7111	Trichoplusia ni	ott3.1draft2	OTT	Eukaryota	Metazoa	Arthropoda	Hexapoda	Insecta	Pterygota	Neoptera	Amphiesmenoptera	Lepidoptera	Glossata	Neolepidoptera	Heteroneura	Noctuoidea	Noctuidae	Plusiinae			235		
	Phalera bucephala	Phalera bucephala	OTT	species	Phalera bucephala	100	822698	753216	OTT	822698	Phalera	173574	13633	bucephala	822698	753216	Phalera bucephala	ott3.1draft2	OTT	Eukaryota	Metazoa	Arthropoda	Hexapoda	Insecta	Pterygota	Neoptera	Amphiesmenoptera	Lepidoptera	Glossata	Neolepidoptera	Heteroneura	Noctuoidea	Notodontidae	Phalerinae			236		
	Hypolimnas anomala	Hypolimnas anomala	OTT	species	Hypolimnas anomala	100	3113900	1401850	OTT	3113900	Hypolimnas	643831	76214	anomala	3113900	1401850	Hypolimnas anomala	ott3.1draft2	OTT	Eukaryota	Metazoa	Arthropoda	Hexapoda	Insecta	Pterygota	Neoptera	Amphiesmenoptera	Lepidoptera	Glossata	Neolepidoptera	Heteroneura	Papilionoidea	Nymphalidae	Nymphalinae	Junoniini		237		
	Pieris napi	Pieris napi	OTT	species	Pieris napi	100	731676	78633	OTT	731676	Pieris	167949	7115	napi	731676	78633	Pieris napi	ott3.1draft2	OTT	Eukaryota	Metazoa	Arthropoda	Hexapoda	Insecta	Pterygota	Neoptera	Amphiesmenoptera	Lepidoptera	Glossata	Neolepidoptera	Heteroneura	Papilionoidea	Pieridae	Pierinae	Pierini		238		
	Pieris rapae	Pieris rapae	OTT	species	Pieris rapae	100	634345	64459	OTT	634345	Pieris	167949	7115	rapae	634345	64459	Pieris rapae	ott3.1draft2	OTT	Eukaryota	Metazoa	Arthropoda	Hexapoda	Insecta	Pterygota	Neoptera	Amphiesmenoptera	Lepidoptera	Glossata	Neolepidoptera	Heteroneura	Papilionoidea	Pieridae	Pierinae	Pierini		239		
	Chilo suppresalis	Chilo	OTT	genus	Chilo	45	279725	168630	OTT	279725	Chilo	279725					Chilo	ott3.1draft2	OTT	Eukaryota	Metazoa	Arthropoda	Hexapoda	Insecta	Pterygota	Neoptera	Amphiesmenoptera	Lepidoptera	Glossata	Neolepidoptera	Heteroneura	Pyraloidea	Crambidae	Crambinae			240		
	Corcyra cephalonica	Corcyra cephalonica	OTT	species	Corcyra cephalonica	100	293029	139036	OTT	293029	Corcyra	293028	139035	cephalonica	293029	139036	Corcyra cephalonica	ott3.1draft2	OTT	Eukaryota	Metazoa	Arthropoda	Hexapoda	Insecta	Pterygota	Neoptera	Amphiesmenoptera	Lepidoptera	Glossata	Neolepidoptera	Heteroneura	Pyraloidea	Pyralidae	Galleriinae			241		
	Cryptoblabes gnidiella	Cryptoblabes gnidiella	OTT	species	Cryptoblabes gnidiella	100	3152518	1546127	OTT	3152518	Cryptoblabes	636472	859248	gnidiella	3152518	1546127	Cryptoblabes gnidiella	ott3.1draft2	OTT	Eukaryota	Metazoa	Arthropoda	Hexapoda	Insecta	Pterygota	Neoptera	Amphiesmenoptera	Lepidoptera	Glossata	Neolepidoptera	Heteroneura	Pyraloidea	Pyralidae	Phycitinae			242		
	Ectomyelois ceratoniae	Ectomyelois ceratoniae	OTT	species	Ectomyelois ceratoniae	100	737506	1032508	OTT	737506	Ectomyelois	1048912	1032507	ceratoniae	737506	1032508	Ectomyelois ceratoniae	ott3.1draft2	OTT	Eukaryota	Metazoa	Arthropoda	Hexapoda	Insecta	Pterygota	Neoptera	Amphiesmenoptera	Lepidoptera	Glossata	Neolepidoptera	Heteroneura	Pyraloidea	Pyralidae	Phycitinae			243		
	Etiella zinckenella	Etiella zinckenella	OTT	species	Etiella zinckenella	100	265118	471158	OTT	265118	Etiella	265101	471157	zinckenella	265118	471158	Etiella zinckenella	ott3.1draft2	OTT	Eukaryota	Metazoa	Arthropoda	Hexapoda	Insecta	Pterygota	Neoptera	Amphiesmenoptera	Lepidoptera	Glossata	Neolepidoptera	Heteroneura	Pyraloidea	Pyralidae	Phycitinae			244		
no_taxonomy	Margaronia unionalis	Margaronia unionalis			Margaronia unionalis	100			GN_datasourceid_168	168	Margaronia			unionalis				ott3.1draft2																			245		
	Nomophila noctuella	Nomophila noctuella	OTT	species	Nomophila noctuella	100	1084314	1209556	OTT	1084314	Nomophila	874472	581937	noctuella	1084314	1209556	Nomophila noctuella	ott3.1draft2	OTT	Eukaryota	Metazoa	Arthropoda	Hexapoda	Insecta	Pterygota	Neoptera	Amphiesmenoptera	Lepidoptera	Glossata	Neolepidoptera	Heteroneura	Pyraloidea	Crambidae	Spilomelinae			246		
	Plodia interpunctella	Plodia interpunctella	OTT	species	Plodia interpunctella	100	710461	58824	OTT	710461	Plodia	710449	58823	interpunctella	710461	58824	Plodia interpunctella	ott3.1draft2	OTT	Eukaryota	Metazoa	Arthropoda	Hexapoda	Insecta	Pterygota	Neoptera	Amphiesmenoptera	Lepidoptera	Glossata	Neolepidoptera	Heteroneura	Pyraloidea	Pyralidae	Phycitinae			247		
	Antheraea yamamai	Antheraea yamamai	OTT	species	Antheraea yamamai	100	691023	7121	OTT	691023	Antheraea	167960	7118	yamamai	691023	7121	Antheraea yamamai	ott3.1draft2	OTT	Eukaryota	Metazoa	Arthropoda	Hexapoda	Insecta	Pterygota	Neoptera	Amphiesmenoptera	Lepidoptera	Glossata	Neolepidoptera	Heteroneura	Bombycoidea	Saturniidae	Saturniinae	Saturniini		248		
	Samia cynthia	Samia cynthia	OTT	species	Samia cynthia	100	845207	7127	OTT	845207	Samia	845204	7126	cynthia	845207	7127	Samia cynthia	ott3.1draft2	OTT	Eukaryota	Metazoa	Arthropoda	Hexapoda	Insecta	Pterygota	Neoptera	Amphiesmenoptera	Lepidoptera	Glossata	Neolepidoptera	Heteroneura	Bombycoidea	Saturniidae	Saturniinae	Attacini		249		
	Chamaesphecia hungarica	Chamaesphecia hungarica	OTT	species	Chamaesphecia hungarica	100	3039714		OTT	3039714	Chamaesphecia	451644	299588	hungarica	3039714		Chamaesphecia hungarica	ott3.1draft2	OTT	Eukaryota	Metazoa	Arthropoda	Hexapoda	Insecta	Pterygota	Neoptera	Amphiesmenoptera	Lepidoptera	Glossata	Neolepidoptera	Heteroneura	Sesioidea	Sesiidae	Sesiinae	Synanthedonini		250		
	Tineola bisselliella	Tineola bisselliella	OTT	species	Tineola bisselliella	100	1050561	93883	OTT	1050561	Tineola	1050563	93882	bisselliella	1050561	93883	Tineola bisselliella	ott3.1draft2	OTT	Eukaryota	Metazoa	Arthropoda	Hexapoda	Insecta	Pterygota	Neoptera	Amphiesmenoptera	Lepidoptera	Glossata	Neolepidoptera	Heteroneura	Tineoidea	Tineidae	Tineinae			251		
	Agapeta zoegana	Agapeta zoegana	OTT	species	Agapeta zoegana	100	596589	989733	OTT	596589	Agapeta	455420	688928	zoegana	596589	989733	Agapeta zoegana	ott3.1draft2	OTT	Eukaryota	Metazoa	Arthropoda	Hexapoda	Insecta	Pterygota	Neoptera	Amphiesmenoptera	Lepidoptera	Glossata	Neolepidoptera	Heteroneura	Tortricoidea	Tortricidae	Tortricinae	Cochylini		252		
	Archips rosanus	Archips rosana	OTT	species	Archips rosanus	100	254514	191716	OTT	254514	Archips	824704	139973	rosana	254514	191716	Archips rosana	ott3.1draft2	OTT	Eukaryota	Metazoa	Arthropoda	Hexapoda	Insecta	Pterygota	Neoptera	Amphiesmenoptera	Lepidoptera	Glossata	Neolepidoptera	Heteroneura	Tortricoidea	Tortricidae	Tortricinae	Archipini		253		
	Enarmonia formosana	Enarmonia formosana	OTT	species	Enarmonia formosana	100	3060408	1391526	OTT	3060408	Enarmonia	3055623	581407	formosana	3060408	1391526	Enarmonia formosana	ott3.1draft2	OTT	Eukaryota	Metazoa	Arthropoda	Hexapoda	Insecta	Pterygota	Neoptera	Amphiesmenoptera	Lepidoptera	Glossata	Neolepidoptera	Heteroneura	Tortricoidea	Tortricidae	Olethreutinae	Enarmoniini		254		
	Epiphyas postvittana	Epiphyas postvittana	OTT	species	Epiphyas postvittana	100	404268	65032	OTT	404268	Epiphyas	930094	65024	postvittana	404268	65032	Epiphyas postvittana	ott3.1draft2	OTT	Eukaryota	Metazoa	Arthropoda	Hexapoda	Insecta	Pterygota	Neoptera	Amphiesmenoptera	Lepidoptera	Glossata	Neolepidoptera	Heteroneura	Tortricoidea	Tortricidae	Tortricinae	Archipini		255		
	Pammene juliana	Pammene juliana	OTT	species	Pammene juliana	100	5855883		OTT	5855883	Pammene	253062	581588	juliana	5855883		Pammene juliana	ott3.1draft2	OTT	Eukaryota	Metazoa	Arthropoda	Hexapoda	Insecta	Pterygota	Neoptera	Amphiesmenoptera	Lepidoptera	Glossata	Neolepidoptera	Heteroneura	Tortricoidea	Tortricidae	Olethreutinae	Grapholitini		256		
	Pandemis ribeana	Pandemis ribeana	OTT	species	Pandemis ribeana	100	3054765		OTT	3054765	Pandemis	537292	192190	ribeana	3054765		Pandemis ribeana	ott3.1draft2	OTT	Eukaryota	Metazoa	Arthropoda	Hexapoda	Insecta	Pterygota	Neoptera	Amphiesmenoptera	Lepidoptera	Glossata	Neolepidoptera	Heteroneura	Tortricoidea	Tortricidae	Tortricinae	Archipini		257		
	Pelochrista medullana	Pelochrista medullana	OTT	species	Pelochrista medullana	100	3049316		OTT	3049316	Pelochrista	621181	581517	medullana	3049316		Pelochrista medullana	ott3.1draft2	OTT	Eukaryota	Metazoa	Arthropoda	Hexapoda	Insecta	Pterygota	Neoptera	Amphiesmenoptera	Lepidoptera	Glossata	Neolepidoptera	Heteroneura	Tortricoidea	Tortricidae	Olethreutinae	Eucosmini		258		
	Spilonota ocellana	Spilonota ocellana	OTT	species	Spilonota ocellana	100	195382	572898	OTT	195382	Spilonota	195368	572897	ocellana	195382	572898	Spilonota ocellana	ott3.1draft2	OTT	Eukaryota	Metazoa	Arthropoda	Hexapoda	Insecta	Pterygota	Neoptera	Amphiesmenoptera	Lepidoptera	Glossata	Neolepidoptera	Heteroneura	Tortricoidea	Tortricidae	Olethreutinae	Eucosmini		259		
	Sialis lutaria	Sialis lutaria	OTT	species	Sialis lutaria	100	247485	279420	OTT	247485	Sialis	418213	50607	lutaria	247485	279420	Sialis lutaria	ott3.1draft2	OTT	Eukaryota	Metazoa	Arthropoda	Hexapoda	Insecta	Pterygota	Neoptera	Neuropterida	Megaloptera					Sialidae				260		
	Chrysopa madestes	Mallada madestes	OTT	species	Chrysopa madestes	100	3014482		OTT	3014482	Mallada	384379	373833	madestes	3014482		Mallada madestes	ott3.1draft2	OTT	Eukaryota	Metazoa	Arthropoda	Hexapoda	Insecta	Pterygota	Neoptera	Neuropterida	Neuroptera	Hemerobiiformia				Chrysopidae	Chrysopinae			261		
	Chrysopa oculata	Chrysopa oculata	OTT	species	Chrysopa oculata	100	425745	76807	OTT	425745	Chrysopa	425744	76806	oculata	425745	76807	Chrysopa oculata	ott3.1draft2	OTT	Eukaryota	Metazoa	Arthropoda	Hexapoda	Insecta	Pterygota	Neoptera	Neuropterida	Neuroptera	Hemerobiiformia				Chrysopidae	Chrysopinae			262		
	Chrysopa rufilabris	Chrysoperla rufilabris	OTT	species	Chrysopa rufilabris	100	670855	76823	OTT	670855	Chrysoperla	603645	7521	rufilabris	670855	76823	Chrysoperla rufilabris	ott3.1draft2	OTT	Eukaryota	Metazoa	Arthropoda	Hexapoda	Insecta	Pterygota	Neoptera	Neuropterida	Neuroptera	Hemerobiiformia				Chrysopidae	Chrysopinae			263		
	Sympherobius amicus	Sympherobius fallax	OTT	species	Sympherobius amicus	100	3015798		OTT	3015798	Sympherobius	3015632	1504865	fallax	3015798		Sympherobius fallax	ott3.1draft2	OTT	Eukaryota	Metazoa	Arthropoda	Hexapoda	Insecta	Pterygota	Neoptera	Neuropterida	Neuroptera	Hemerobiiformia				Hemerobiidae				264		
	Locusta migratorioides	Locusta	OTT	genus	Locusta	48	178927	7003	OTT	178927	Locusta	178927					Locusta	ott3.1draft2	OTT	Eukaryota	Metazoa	Arthropoda	Hexapoda	Insecta	Pterygota	Neoptera		Orthoptera	Caelifera	Acrididea		Acridoidea	Acrididae	Oedipodinae			265		
	Locustana pardalina	Locustana pardalina	OTT	species	Locustana pardalina	100	3504338		OTT	3504338	Locustana	3504339		pardalina	3504338		Locustana pardalina	ott3.1draft2	OTT	Eukaryota	Metazoa	Arthropoda	Hexapoda	Insecta	Pterygota	Neoptera		Orthoptera	Caelifera	Acrididea		Acridoidea	Acrididae				266		
	Nomadacris septemfasciata	Nomadacris septemfasciata	OTT	species	Nomadacris septemfasciata	100	3499569	1634087	OTT	3499569	Nomadacris	690547	274596	septemfasciata	3499569	1634087	Nomadacris septemfasciata	ott3.1draft2	OTT	Eukaryota	Metazoa	Arthropoda	Hexapoda	Insecta	Pterygota	Neoptera		Orthoptera	Caelifera	Acrididea		Acridoidea	Acrididae	Cyrtacanthacridinae			267		
	Schistocerca gregaria	Schistocerca gregaria	OTT	species	Schistocerca gregaria	100	330338	7010	OTT	330338	Schistocerca	763182	7008	gregaria	330338	7010	Schistocerca gregaria	ott3.1draft2	OTT	Eukaryota	Metazoa	Arthropoda	Hexapoda	Insecta	Pterygota	Neoptera		Orthoptera	Caelifera	Acrididea		Acridoidea	Acrididae	Cyrtacanthacridinae			268		
	Anurogryllus muticus	Anurogryllus muticus	OTT	species	Anurogryllus muticus	100	678781	323459	OTT	678781	Anurogryllus	678782	323458	muticus	678781	323459	Anurogryllus muticus	ott3.1draft2	OTT	Eukaryota	Metazoa	Arthropoda	Hexapoda	Insecta	Pterygota	Neoptera		Orthoptera	Ensifera	Gryllidea		Grylloidea	Gryllidae	Gryllinae			269		
	Gryllodes sigillatus	Gryllodes sigillatus	OTT	species	Gryllodes sigillatus	100	495858	13551	OTT	495858	Gryllodes	495860	13550	sigillatus	495858	13551	Gryllodes sigillatus	ott3.1draft2	OTT	Eukaryota	Metazoa	Arthropoda	Hexapoda	Insecta	Pterygota	Neoptera		Orthoptera	Ensifera	Gryllidea		Grylloidea	Gryllidae	Gryllinae			270		
	Gryllulus domesticus	Acheta	OTT	genus	Gryllulus	62	1077633	6996	OTT	1077633	Acheta	1077633					Acheta	ott3.1draft2	OTT	Eukaryota	Metazoa	Arthropoda	Hexapoda	Insecta	Pterygota	Neoptera		Orthoptera	Ensifera	Gryllidea		Grylloidea	Gryllidae	Gryllinae			271		
	Gryllus campestris	Gryllus campestris	OTT	species	Gryllus campestris	100	599281	58607	OTT	599281	Gryllus	1077621	6998	campestris	599281	58607	Gryllus campestris	ott3.1draft2	OTT	Eukaryota	Metazoa	Arthropoda	Hexapoda	Insecta	Pterygota	Neoptera		Orthoptera	Ensifera	Gryllidea		Grylloidea	Gryllidae	Gryllinae			272		
	Gymnogryllus humeralis	Phonarellus humeralis	OTT	species	Gymnogryllus humeralis	100	4184839		OTT	4184839	Phonarellus	4184837	1767418	humeralis	4184839		Phonarellus humeralis	ott3.1draft2	OTT	Eukaryota	Metazoa	Arthropoda	Hexapoda	Insecta	Pterygota	Neoptera		Orthoptera	Ensifera	Gryllidea		Grylloidea	Gryllidae	Gryllinae			273		
	Gryllotalpa gryllotalpa	Gryllotalpa gryllotalpa	OTT	species	Gryllotalpa gryllotalpa	100	426151	656900	OTT	426151	Gryllotalpa	202321	208679	gryllotalpa	426151	656900	Gryllotalpa gryllotalpa	ott3.1draft2	OTT	Eukaryota	Metazoa	Arthropoda	Hexapoda	Insecta	Pterygota	Neoptera		Orthoptera	Ensifera	Gryllidea		Gryllotalpoidea	Gryllotalpidae	Gryllotalpinae			274		
	Conocephalus fuscus	Conocephalus fuscus	OTT	species	Conocephalus fuscus	100	1054794	420843	OTT	1054794	Conocephalus	865846	208799	fuscus	1054794	420843	Conocephalus fuscus	ott3.1draft2	OTT	Eukaryota	Metazoa	Arthropoda	Hexapoda	Insecta	Pterygota	Neoptera		Orthoptera	Ensifera	Tettigoniidea		Tettigonioidea	Tettigoniidae	Conocephalinae	Conocephalini		275		
	Euthypoda acutipennis	Euthypoda acutipennis	OTT	species	Euthypoda acutipennis	100	3491709		OTT	3491709	Euthypoda	3490377		acutipennis	3491709		Euthypoda acutipennis	ott3.1draft2	OTT	Eukaryota	Metazoa	Arthropoda	Hexapoda	Insecta	Pterygota	Neoptera		Orthoptera	Ensifera	Tettigoniidea		Tettigonioidea	Tettigoniidae				276		
	Isophya pyrenaea	Isophya pyrenaea	OTT	species	Isophya pyrenaea	100	3486086		OTT	3486086	Isophya	123633	441227	pyrenaea	3486086		Isophya pyrenaea	ott3.1draft2	OTT	Eukaryota	Metazoa	Arthropoda	Hexapoda	Insecta	Pterygota	Neoptera		Orthoptera	Ensifera	Tettigoniidea		Tettigonioidea	Tettigoniidae	Phaneropterinae	Barbitistini		277		
	Tettigonia viridissima	Tettigonia viridissima	OTT	species	Tettigonia viridissima	100	847476	62794	OTT	847476	Tettigonia	505126	62793	viridissima	847476	62794	Tettigonia viridissima	ott3.1draft2	OTT	Eukaryota	Metazoa	Arthropoda	Hexapoda	Insecta	Pterygota	Neoptera		Orthoptera	Ensifera	Tettigoniidea		Tettigonioidea	Tettigoniidae	Tettigoniinae			278		
	Pediculus humanus	Pediculus humanus	OTT	species	Pediculus humanus	100	1034004	121225	OTT	1034004	Pediculus	1034022	121222	humanus	1034004	121225	Pediculus humanus	ott3.1draft2	OTT	Eukaryota	Metazoa	Arthropoda	Hexapoda	Insecta	Pterygota	Neoptera	Psocodea	Phthiraptera	Anoplura				Pediculidae				279		
	Phthirus pubis	Pthirus pubis	OTT	species	Phthirus pubis	100	1033989	121228	OTT	1033989	Pthirus	1034014	121227	pubis	1033989	121228	Pthirus pubis	ott3.1draft2	OTT	Eukaryota	Metazoa	Arthropoda	Hexapoda	Insecta	Pterygota	Neoptera	Psocodea	Phthiraptera	Anoplura				Pthiridae				280		
	Pulex irritans	Pulex irritans	OTT	species	Pulex irritans	100	1043893	173820	OTT	1043893	Pulex	14525	154008	irritans	1043893	173820	Pulex irritans	ott3.1draft2	OTT	Eukaryota	Metazoa	Arthropoda	Hexapoda	Insecta	Pterygota	Neoptera		Siphonaptera	Pulicomorpha			Pulicoidea	Pulicidae	Pulicinae			281		
	Mystacides longicornis	Mystacides longicornis	OTT	species	Mystacides longicornis	100	31851	699848	OTT	31851	Mystacides	816746	446512	longicornis	31851	699848	Mystacides longicornis	ott3.1draft2	OTT	Eukaryota	Metazoa	Arthropoda	Hexapoda	Insecta	Pterygota	Neoptera	Amphiesmenoptera	Trichoptera	Integripalpia	Brevitentoria		Leptoceroidea	Leptoceridae	Leptocerinae	Mystacidini		282		
	Drusus annulatus	Drusus annulatus	OTT	species	Drusus annulatus	100	486632	492533	OTT	486632	Drusus	673810	177679	annulatus	486632	492533	Drusus annulatus	ott3.1draft2	OTT	Eukaryota	Metazoa	Arthropoda	Hexapoda	Insecta	Pterygota	Neoptera	Amphiesmenoptera	Trichoptera	Integripalpia	Plenitentoria		Limnephiloidea	Limnephilidae	Drusinae			283		
	Limnephilus flavicornis	Limnephilus flavicornis	OTT	species	Limnephilus flavicornis	100	911868	292572	OTT	911868	Limnephilus	868724	177674	flavicornis	911868	292572	Limnephilus flavicornis	ott3.1draft2	OTT	Eukaryota	Metazoa	Arthropoda	Hexapoda	Insecta	Pterygota	Neoptera	Amphiesmenoptera	Trichoptera	Integripalpia	Plenitentoria		Limnephiloidea	Limnephilidae	Limnephilinae	Limnephilini		284		
	Limnephilus lunatus	Limnephilus lunatus	OTT	species	Limnephilus lunatus	100	3029190	1218281	OTT	3029190	Limnephilus	868724	177674	lunatus	3029190	1218281	Limnephilus lunatus	ott3.1draft2	OTT	Eukaryota	Metazoa	Arthropoda	Hexapoda	Insecta	Pterygota	Neoptera	Amphiesmenoptera	Trichoptera	Integripalpia	Plenitentoria		Limnephiloidea	Limnephilidae	Limnephilinae	Limnephilini		285		